_time;_value;host;_time;_value;host
2022-02-21T18:00:46Z;0,28;Accelerometro_DX;;;
2022-02-21T18:00:49Z;0,77;Accelerometro_DX;;;
2022-02-21T18:00:52Z;1,45;Accelerometro_DX;;;
2022-02-21T18:00:52.5Z;1,45;Accelerometro_DX;;;
2022-02-21T18:00:58.6Z;1,45;Accelerometro_DX;;;
2022-02-21T18:01:01.5Z;1,45;Accelerometro_DX;;;
2022-02-21T18:01:02Z;1,45;Accelerometro_DX;;;
2022-02-21T18:01:02.4Z;1,46;Accelerometro_DX;;;
2022-02-21T18:01:02.8Z;1,48;Accelerometro_DX;;;
2022-02-21T18:01:03.2Z;1,46;Accelerometro_DX;;;
2022-02-21T18:01:03.6Z;1,46;Accelerometro_DX;;;
2022-02-21T18:01:04.1Z;1,46;Accelerometro_DX;;;
2022-02-21T18:01:04.5Z;1,45;Accelerometro_DX;;;
2022-02-21T18:01:04.9Z;1,45;Accelerometro_DX;;;
2022-02-21T18:01:05.3Z;1,46;Accelerometro_DX;;;
2022-02-21T18:01:05.8Z;1,46;Accelerometro_DX;;;
2022-02-21T18:01:06.4Z;1,46;Accelerometro_DX;;;
2022-02-21T18:01:06.9Z;1,46;Accelerometro_DX;;;
2022-02-21T18:01:07.3Z;1,46;Accelerometro_DX;;;
2022-02-21T18:01:07.7Z;1,46;Accelerometro_DX;;;
2022-02-21T18:01:08.1Z;1,45;Accelerometro_DX;;;
2022-02-21T18:01:08.6Z;1,46;Accelerometro_DX;;;
2022-02-21T18:01:09Z;1,46;Accelerometro_DX;;;
2022-02-21T18:01:09.4Z;1,46;Accelerometro_DX;;;
2022-02-21T18:01:09.8Z;1,46;Accelerometro_DX;;;
2022-02-21T18:01:10.3Z;1,47;Accelerometro_DX;;;
2022-02-21T18:01:16.6Z;1,46;Accelerometro_DX;;;
2022-02-21T18:01:17.3Z;1,45;Accelerometro_DX;;;
2022-02-21T18:01:17.7Z;1,46;Accelerometro_DX;;;
2022-02-21T18:01:18.1Z;1,46;Accelerometro_DX;;;
2022-02-21T18:01:18.6Z;1,48;Accelerometro_DX;2022-02-21T18:01:18.7Z;0,3;Accelerometro_SX
2022-02-21T18:01:19.1Z;1,42;Accelerometro_DX;2022-02-21T18:01:19.1Z;1,1;Accelerometro_SX
2022-02-21T18:01:19.5Z;1,44;Accelerometro_DX;2022-02-21T18:01:19.6Z;1,11;Accelerometro_SX
2022-02-21T18:01:20.2Z;1,45;Accelerometro_DX;2022-02-21T18:01:20Z;0,49;Accelerometro_SX
2022-02-21T18:01:20.6Z;1,45;Accelerometro_DX;2022-02-21T18:01:20.4Z;0,51;Accelerometro_SX
2022-02-21T18:01:22.2Z;1,45;Accelerometro_DX;2022-02-21T18:01:21.8Z;0,74;Accelerometro_SX
2022-02-21T18:01:22.6Z;1,48;Accelerometro_DX;2022-02-21T18:01:22.3Z;0,26;Accelerometro_SX
2022-02-21T18:01:26Z;1,47;Accelerometro_DX;2022-02-21T18:01:22.7Z;1,89;Accelerometro_SX
2022-02-21T18:01:26.5Z;1,46;Accelerometro_DX;2022-02-21T18:01:23.5Z;2,65;Accelerometro_SX
2022-02-21T18:01:26.9Z;1,46;Accelerometro_DX;2022-02-21T18:01:23.9Z;2,6;Accelerometro_SX
2022-02-21T18:01:27.3Z;1,46;Accelerometro_DX;2022-02-21T18:01:24.4Z;2,59;Accelerometro_SX
2022-02-21T18:01:27.8Z;1,46;Accelerometro_DX;2022-02-21T18:01:24.8Z;2,6;Accelerometro_SX
2022-02-21T18:01:28.2Z;1,46;Accelerometro_DX;2022-02-21T18:01:25.2Z;2,6;Accelerometro_SX
2022-02-21T18:01:28.6Z;1,46;Accelerometro_DX;2022-02-21T18:01:25.6Z;2,59;Accelerometro_SX
2022-02-21T18:01:29.5Z;1,46;Accelerometro_DX;2022-02-21T18:01:26.1Z;2,6;Accelerometro_SX
2022-02-21T18:01:29.9Z;1,46;Accelerometro_DX;2022-02-21T18:01:26.5Z;2,59;Accelerometro_SX
2022-02-21T18:01:30.3Z;1,46;Accelerometro_DX;2022-02-21T18:01:27Z;2,6;Accelerometro_SX
2022-02-21T18:01:30.7Z;1,47;Accelerometro_DX;2022-02-21T18:01:27.4Z;2,59;Accelerometro_SX
2022-02-21T18:01:31.2Z;1,46;Accelerometro_DX;2022-02-21T18:01:27.8Z;2,6;Accelerometro_SX
2022-02-21T18:01:31.9Z;1,46;Accelerometro_DX;2022-02-21T18:01:30.2Z;2,6;Accelerometro_SX
2022-02-21T18:01:32.3Z;1,46;Accelerometro_DX;2022-02-21T18:01:30.6Z;2,6;Accelerometro_SX
2022-02-21T18:01:32.8Z;1,46;Accelerometro_DX;2022-02-21T18:01:31.1Z;2,6;Accelerometro_SX
2022-02-21T18:01:36Z;1,46;Accelerometro_DX;2022-02-21T18:01:31.5Z;2,36;Accelerometro_SX
2022-02-21T18:01:36.5Z;1,46;Accelerometro_DX;2022-02-21T18:01:31.9Z;1,97;Accelerometro_SX
2022-02-21T18:01:36.9Z;1,45;Accelerometro_DX;2022-02-21T18:01:32.4Z;1,89;Accelerometro_SX
2022-02-21T18:01:37.3Z;1,46;Accelerometro_DX;2022-02-21T18:01:32.8Z;1,84;Accelerometro_SX
2022-02-21T18:01:37.7Z;1,46;Accelerometro_DX;2022-02-21T18:01:33.2Z;1,72;Accelerometro_SX
2022-02-21T18:01:41Z;1,46;Accelerometro_DX;2022-02-21T18:01:33.7Z;1,68;Accelerometro_SX
2022-02-21T18:01:41.5Z;1,49;Accelerometro_DX;2022-02-21T18:01:36.6Z;1,66;Accelerometro_SX
2022-02-21T18:01:41.9Z;1,49;Accelerometro_DX;2022-02-21T18:01:37.1Z;1,73;Accelerometro_SX
2022-02-21T18:01:42.3Z;1,48;Accelerometro_DX;2022-02-21T18:01:37.5Z;1,69;Accelerometro_SX
2022-02-21T18:01:42.7Z;1,48;Accelerometro_DX;2022-02-21T18:01:37.9Z;1,79;Accelerometro_SX
2022-02-21T18:01:43.1Z;1,48;Accelerometro_DX;2022-02-21T18:01:38.3Z;1,77;Accelerometro_SX
2022-02-21T18:01:43.5Z;1,49;Accelerometro_DX;2022-02-21T18:01:38.7Z;2,51;Accelerometro_SX
2022-02-21T18:01:44Z;1,49;Accelerometro_DX;2022-02-21T18:01:42.1Z;2,71;Accelerometro_SX
2022-02-21T18:01:44.4Z;1,48;Accelerometro_DX;2022-02-21T18:01:42.6Z;2,58;Accelerometro_SX
2022-02-21T18:01:50.5Z;1,48;Accelerometro_DX;2022-02-21T18:01:43Z;2,58;Accelerometro_SX
2022-02-21T18:01:53.5Z;1,48;Accelerometro_DX;2022-02-21T18:01:43.4Z;2,59;Accelerometro_SX
2022-02-21T18:01:54Z;1,48;Accelerometro_DX;2022-02-21T18:01:43.8Z;2,59;Accelerometro_SX
2022-02-21T18:01:54.4Z;1,48;Accelerometro_DX;2022-02-21T18:01:44.2Z;2,58;Accelerometro_SX
2022-02-21T18:01:54.8Z;1,47;Accelerometro_DX;2022-02-21T18:01:44.6Z;2,59;Accelerometro_SX
2022-02-21T18:01:55.2Z;1,48;Accelerometro_DX;2022-02-21T18:01:45.4Z;2,59;Accelerometro_SX
2022-02-21T18:01:55.7Z;1,47;Accelerometro_DX;2022-02-21T18:01:45.9Z;2,58;Accelerometro_SX
2022-02-21T18:01:56.1Z;1,48;Accelerometro_DX;2022-02-21T18:01:46.3Z;2,59;Accelerometro_SX
2022-02-21T18:01:56.5Z;1,47;Accelerometro_DX;2022-02-21T18:01:46.7Z;2,59;Accelerometro_SX
2022-02-21T18:01:56.9Z;1,48;Accelerometro_DX;2022-02-21T18:01:47.1Z;2,59;Accelerometro_SX
2022-02-21T18:02:00.1Z;1,48;Accelerometro_DX;2022-02-21T18:01:47.6Z;2,59;Accelerometro_SX
2022-02-21T18:02:00.5Z;1,75;Accelerometro_DX;2022-02-21T18:01:48Z;2,59;Accelerometro_SX
2022-02-21T18:02:00.9Z;1,63;Accelerometro_DX;2022-02-21T18:01:48.4Z;2,59;Accelerometro_SX
2022-02-21T18:02:01.3Z;1,56;Accelerometro_DX;2022-02-21T18:01:48.8Z;2,59;Accelerometro_SX
2022-02-21T18:02:01.7Z;1,53;Accelerometro_DX;2022-02-21T18:01:52.2Z;2,59;Accelerometro_SX
2022-02-21T18:02:06Z;1,53;Accelerometro_DX;2022-02-21T18:01:55.2Z;2,59;Accelerometro_SX
2022-02-21T18:02:06.5Z;1,52;Accelerometro_DX;2022-02-21T18:01:58.2Z;2,59;Accelerometro_SX
2022-02-21T18:02:06.9Z;1,52;Accelerometro_DX;2022-02-21T18:01:58.6Z;2,58;Accelerometro_SX
2022-02-21T18:02:07.3Z;1,52;Accelerometro_DX;2022-02-21T18:01:59.3Z;2,57;Accelerometro_SX
2022-02-21T18:02:07.7Z;1,52;Accelerometro_DX;2022-02-21T18:01:59.7Z;2,44;Accelerometro_SX
2022-02-21T18:02:08.2Z;1,52;Accelerometro_DX;2022-02-21T18:02:00.2Z;2,42;Accelerometro_SX
2022-02-21T18:02:08.6Z;1,52;Accelerometro_DX;2022-02-21T18:02:00.6Z;2,54;Accelerometro_SX
2022-02-21T18:02:10.1Z;1,52;Accelerometro_DX;2022-02-21T18:02:01Z;2,46;Accelerometro_SX
2022-02-21T18:02:10.6Z;1,52;Accelerometro_DX;2022-02-21T18:02:01.4Z;2,53;Accelerometro_SX
2022-02-21T18:02:19Z;1,52;Accelerometro_DX;2022-02-21T18:02:01.8Z;2,54;Accelerometro_SX
2022-02-21T18:02:19.2Z;2,62;Accelerometro_DX;2022-02-21T18:02:02.6Z;2,55;Accelerometro_SX
2022-02-21T18:02:19.5Z;1,52;Accelerometro_DX;2022-02-21T18:02:03Z;2,55;Accelerometro_SX
2022-02-21T18:02:19.6Z;2,22;Accelerometro_DX;2022-02-21T18:02:03.9Z;2,55;Accelerometro_SX
2022-02-21T18:02:20Z;2,49;Accelerometro_DX;2022-02-21T18:02:04.3Z;2,55;Accelerometro_SX
2022-02-21T18:02:20.5Z;2,73;Accelerometro_DX;2022-02-21T18:02:04.7Z;2,56;Accelerometro_SX
2022-02-21T18:02:21.1Z;2,51;Accelerometro_DX;2022-02-21T18:02:06.2Z;2,55;Accelerometro_SX
2022-02-21T18:02:21.5Z;1,86;Accelerometro_DX;2022-02-21T18:02:06.7Z;2,55;Accelerometro_SX
2022-02-21T18:02:22Z;4,02;Accelerometro_DX;2022-02-21T18:02:07.1Z;2,56;Accelerometro_SX
2022-02-21T18:02:22.4Z;2,14;Accelerometro_DX;2022-02-21T18:02:07.8Z;2,56;Accelerometro_SX
2022-02-21T18:02:22.9Z;4,06;Accelerometro_DX;2022-02-21T18:02:08.2Z;2,56;Accelerometro_SX
2022-02-21T18:02:23.3Z;4;Accelerometro_DX;2022-02-21T18:02:08.7Z;2,56;Accelerometro_SX
2022-02-21T18:02:23.7Z;3,6;Accelerometro_DX;2022-02-21T18:02:09.1Z;2,56;Accelerometro_SX
2022-02-21T18:02:29.1Z;3,6;Accelerometro_DX;2022-02-21T18:02:09.5Z;2,56;Accelerometro_SX
2022-02-21T18:02:29.4Z;4,37;Accelerometro_DX;2022-02-21T18:02:12.7Z;2,56;Accelerometro_SX
2022-02-21T18:02:30Z;3,42;Accelerometro_DX;2022-02-21T18:02:13.1Z;5,57;Accelerometro_SX
2022-02-21T18:02:30.4Z;2,59;Accelerometro_DX;2022-02-21T18:02:13.5Z;5,31;Accelerometro_SX
2022-02-21T18:02:30.9Z;3,85;Accelerometro_DX;2022-02-21T18:02:13.9Z;2,5;Accelerometro_SX
2022-02-21T18:02:31.8Z;3,87;Accelerometro_DX;2022-02-21T18:02:14.4Z;3,06;Accelerometro_SX
2022-02-21T18:02:33.4Z;3,35;Accelerometro_DX;2022-02-21T18:02:14.8Z;3,1;Accelerometro_SX
2022-02-21T18:02:33.8Z;2,78;Accelerometro_DX;2022-02-21T18:02:15.2Z;2,62;Accelerometro_SX
2022-02-21T18:02:37.6Z;3,63;Accelerometro_DX;2022-02-21T18:02:15.6Z;2,52;Accelerometro_SX
2022-02-21T18:02:41.1Z;1,31;Accelerometro_DX;2022-02-21T18:02:16.1Z;2,5;Accelerometro_SX
2022-02-21T18:02:41.8Z;5,17;Accelerometro_DX;2022-02-21T18:02:16.5Z;2,48;Accelerometro_SX
2022-02-21T18:02:45.1Z;0,93;Accelerometro_DX;2022-02-21T18:02:16.9Z;2,49;Accelerometro_SX
2022-02-21T18:02:45.5Z;2,56;Accelerometro_DX;2022-02-21T18:02:17.4Z;2,48;Accelerometro_SX
2022-02-21T18:02:45.9Z;2,43;Accelerometro_DX;2022-02-21T18:02:20.7Z;2,48;Accelerometro_SX
2022-02-21T18:02:46.4Z;3,47;Accelerometro_DX;2022-02-21T18:02:21.1Z;2;Accelerometro_SX
2022-02-21T18:02:46.8Z;2,59;Accelerometro_DX;2022-02-21T18:02:29.7Z;2,35;Accelerometro_SX
2022-02-21T18:02:47.2Z;3,85;Accelerometro_DX;2022-02-21T18:02:30Z;3,33;Accelerometro_SX
2022-02-21T18:02:47.7Z;5,32;Accelerometro_DX;2022-02-21T18:02:30.1Z;2,35;Accelerometro_SX
2022-02-21T18:02:48.1Z;3,38;Accelerometro_DX;2022-02-21T18:02:30.4Z;4,87;Accelerometro_SX
2022-02-21T18:02:51.1Z;5,62;Accelerometro_DX;2022-02-21T18:02:33.7Z;3,31;Accelerometro_SX
2022-02-21T18:02:52.6Z;4,28;Accelerometro_DX;2022-02-21T18:02:34.1Z;3,17;Accelerometro_SX
2022-02-21T18:02:53.1Z;2,78;Accelerometro_DX;2022-02-21T18:02:37.7Z;2,63;Accelerometro_SX
2022-02-21T18:02:53.5Z;3,95;Accelerometro_DX;2022-02-21T18:02:40.7Z;4,8;Accelerometro_SX
2022-02-21T18:02:56.9Z;3,54;Accelerometro_DX;2022-02-21T18:02:41.2Z;3,82;Accelerometro_SX
2022-02-21T18:02:57.3Z;2,91;Accelerometro_DX;2022-02-21T18:02:41.9Z;1,03;Accelerometro_SX
2022-02-21T18:02:57.8Z;2,9;Accelerometro_DX;2022-02-21T18:02:42.8Z;5,28;Accelerometro_SX
2022-02-21T18:02:58.5Z;5,04;Accelerometro_DX;2022-02-21T18:02:43.2Z;2,54;Accelerometro_SX
2022-02-21T18:02:58.9Z;3,06;Accelerometro_DX;2022-02-21T18:02:45Z;2,55;Accelerometro_SX
2022-02-21T18:02:59.3Z;3,39;Accelerometro_DX;2022-02-21T18:02:45.5Z;2,82;Accelerometro_SX
2022-02-21T18:02:59.8Z;3,12;Accelerometro_DX;2022-02-21T18:02:45.9Z;2,89;Accelerometro_SX
2022-02-21T18:03:00.6Z;3,27;Accelerometro_DX;2022-02-21T18:02:46.3Z;2,93;Accelerometro_SX
2022-02-21T18:03:01Z;3,34;Accelerometro_DX;2022-02-21T18:02:46.8Z;4,35;Accelerometro_SX
2022-02-21T18:03:04.1Z;1,74;Accelerometro_DX;2022-02-21T18:02:47.2Z;4,82;Accelerometro_SX
2022-02-21T18:03:04.5Z;2,83;Accelerometro_DX;2022-02-21T18:02:47.6Z;3,69;Accelerometro_SX
2022-02-21T18:03:08.1Z;4,37;Accelerometro_DX;2022-02-21T18:02:48.1Z;2,58;Accelerometro_SX
2022-02-21T18:03:08.5Z;2,81;Accelerometro_DX;2022-02-21T18:02:51.2Z;2,92;Accelerometro_SX
2022-02-21T18:03:09.1Z;3,23;Accelerometro_DX;2022-02-21T18:02:51.6Z;3,79;Accelerometro_SX
2022-02-21T18:03:09.6Z;2,25;Accelerometro_DX;2022-02-21T18:02:52.1Z;3,51;Accelerometro_SX
2022-02-21T18:03:10Z;2,89;Accelerometro_DX;2022-02-21T18:02:52.5Z;2,2;Accelerometro_SX
2022-02-21T18:03:10.5Z;2,84;Accelerometro_DX;2022-02-21T18:02:54Z;2,04;Accelerometro_SX
2022-02-21T18:03:10.9Z;3,98;Accelerometro_DX;2022-02-21T18:02:54.4Z;1,98;Accelerometro_SX
2022-02-21T18:03:11.3Z;2,5;Accelerometro_DX;2022-02-21T18:02:57.1Z;2,62;Accelerometro_SX
2022-02-21T18:03:11.8Z;4,27;Accelerometro_DX;2022-02-21T18:02:57.6Z;2,03;Accelerometro_SX
2022-02-21T18:03:15.1Z;4,64;Accelerometro_DX;2022-02-21T18:02:58Z;3,35;Accelerometro_SX
2022-02-21T18:03:15.8Z;5,23;Accelerometro_DX;2022-02-21T18:02:58.4Z;1,55;Accelerometro_SX
2022-02-21T18:03:19Z;2,77;Accelerometro_DX;2022-02-21T18:02:58.8Z;3,18;Accelerometro_SX
2022-02-21T18:03:19.5Z;3,68;Accelerometro_DX;2022-02-21T18:02:59.3Z;2,69;Accelerometro_SX
2022-02-21T18:03:23.1Z;3,46;Accelerometro_DX;2022-02-21T18:02:59.7Z;2,87;Accelerometro_SX
2022-02-21T18:03:23.5Z;4,94;Accelerometro_DX;2022-02-21T18:03:00.1Z;2,92;Accelerometro_SX
2022-02-21T18:03:24.1Z;3,91;Accelerometro_DX;2022-02-21T18:03:00.6Z;3,55;Accelerometro_SX
2022-02-21T18:03:24.6Z;2,78;Accelerometro_DX;2022-02-21T18:03:01Z;3,08;Accelerometro_SX
2022-02-21T18:03:25Z;2,82;Accelerometro_DX;2022-02-21T18:03:01.4Z;3,8;Accelerometro_SX
2022-02-21T18:03:25.4Z;3,2;Accelerometro_DX;2022-02-21T18:03:01.8Z;3,03;Accelerometro_SX
2022-02-21T18:03:25.8Z;3,71;Accelerometro_DX;2022-02-21T18:03:02.3Z;2,84;Accelerometro_SX
2022-02-21T18:03:26.3Z;2,69;Accelerometro_DX;2022-02-21T18:03:02.7Z;1,88;Accelerometro_SX
2022-02-21T18:03:26.7Z;1,88;Accelerometro_DX;2022-02-21T18:03:05.9Z;2;Accelerometro_SX
2022-02-21T18:03:27.1Z;2,03;Accelerometro_DX;2022-02-21T18:03:06.3Z;2,76;Accelerometro_SX
2022-02-21T18:03:27.5Z;2,11;Accelerometro_DX;2022-02-21T18:03:06.7Z;3,65;Accelerometro_SX
2022-02-21T18:03:28Z;2,06;Accelerometro_DX;2022-02-21T18:03:07.2Z;3,25;Accelerometro_SX
2022-02-21T18:03:28.4Z;2,04;Accelerometro_DX;2022-02-21T18:03:07.6Z;2,45;Accelerometro_SX
2022-02-21T18:03:28.8Z;2,03;Accelerometro_DX;2022-02-21T18:03:08Z;0,75;Accelerometro_SX
2022-02-21T18:03:32.1Z;2,03;Accelerometro_DX;2022-02-21T18:03:08.6Z;1,43;Accelerometro_SX
2022-02-21T18:03:32.7Z;1,99;Accelerometro_DX;2022-02-21T18:03:09Z;1,5;Accelerometro_SX
2022-02-21T18:03:36.1Z;2;Accelerometro_DX;2022-02-21T18:03:09.4Z;2,29;Accelerometro_SX
2022-02-21T18:03:36.5Z;1,98;Accelerometro_DX;2022-02-21T18:03:09.8Z;4,16;Accelerometro_SX
2022-02-21T18:03:36.9Z;1,97;Accelerometro_DX;2022-02-21T18:03:10.3Z;5,37;Accelerometro_SX
2022-02-21T18:03:37.3Z;1,98;Accelerometro_DX;2022-02-21T18:03:10.7Z;3,43;Accelerometro_SX
2022-02-21T18:03:37.8Z;1,97;Accelerometro_DX;2022-02-21T18:03:11.1Z;3,02;Accelerometro_SX
2022-02-21T18:03:38.2Z;1,97;Accelerometro_DX;2022-02-21T18:03:11.5Z;2,6;Accelerometro_SX
2022-02-21T18:03:38.6Z;1,96;Accelerometro_DX;2022-02-21T18:03:11.9Z;3,36;Accelerometro_SX
2022-02-21T18:03:42.1Z;1,96;Accelerometro_DX;2022-02-21T18:03:12.4Z;3,52;Accelerometro_SX
2022-02-21T18:03:42.5Z;1,95;Accelerometro_DX;2022-02-21T18:03:12.8Z;3,31;Accelerometro_SX
2022-02-21T18:03:44Z;1,95;Accelerometro_DX;2022-02-21T18:03:13.2Z;2,12;Accelerometro_SX
2022-02-21T18:03:44.5Z;1,94;Accelerometro_DX;2022-02-21T18:03:13.6Z;4,27;Accelerometro_SX
2022-02-21T18:03:44.9Z;1,94;Accelerometro_DX;2022-02-21T18:03:14.1Z;3,36;Accelerometro_SX
2022-02-21T18:03:45.3Z;1,95;Accelerometro_DX;2022-02-21T18:03:14.5Z;2,74;Accelerometro_SX
2022-02-21T18:03:45.8Z;1,94;Accelerometro_DX;2022-02-21T18:03:14.9Z;3,96;Accelerometro_SX
2022-02-21T18:03:46.2Z;1,94;Accelerometro_DX;2022-02-21T18:03:15.4Z;2,93;Accelerometro_SX
2022-02-21T18:03:49.6Z;1,94;Accelerometro_DX;2022-02-21T18:03:15.8Z;0,69;Accelerometro_SX
2022-02-21T18:03:50Z;1,93;Accelerometro_DX;2022-02-21T18:03:16.2Z;2,33;Accelerometro_SX
2022-02-21T18:03:50.4Z;1,93;Accelerometro_DX;2022-02-21T18:03:17Z;2,39;Accelerometro_SX
2022-02-21T18:03:53.6Z;1,92;Accelerometro_DX;2022-02-21T18:03:17.4Z;2,74;Accelerometro_SX
2022-02-21T18:03:54Z;1,92;Accelerometro_DX;2022-02-21T18:03:20.8Z;4,72;Accelerometro_SX
2022-02-21T18:03:54.4Z;1,92;Accelerometro_DX;2022-02-21T18:03:21.3Z;1,43;Accelerometro_SX
2022-02-21T18:03:54.8Z;1,92;Accelerometro_DX;2022-02-21T18:03:22.8Z;2,67;Accelerometro_SX
2022-02-21T18:03:55.2Z;1,92;Accelerometro_DX;2022-02-21T18:03:23.3Z;4,13;Accelerometro_SX
2022-02-21T18:03:55.7Z;1,92;Accelerometro_DX;2022-02-21T18:03:23.7Z;4,65;Accelerometro_SX
2022-02-21T18:03:56.1Z;1,91;Accelerometro_DX;2022-02-21T18:03:24.4Z;2,46;Accelerometro_SX
2022-02-21T18:03:56.5Z;1,92;Accelerometro_DX;2022-02-21T18:03:24.8Z;2,97;Accelerometro_SX
2022-02-21T18:03:59.6Z;1,92;Accelerometro_DX;2022-02-21T18:03:25.2Z;2,55;Accelerometro_SX
2022-02-21T18:04:00.3Z;1,98;Accelerometro_DX;2022-02-21T18:03:25.7Z;2,22;Accelerometro_SX
2022-02-21T18:04:03.6Z;1,99;Accelerometro_DX;2022-02-21T18:03:26.1Z;2,13;Accelerometro_SX
2022-02-21T18:04:05.3Z;2,02;Accelerometro_DX;2022-02-21T18:03:26.5Z;2,92;Accelerometro_SX
2022-02-21T18:04:05.7Z;2,02;Accelerometro_DX;2022-02-21T18:03:27Z;2,91;Accelerometro_SX
2022-02-21T18:04:06.4Z;2,03;Accelerometro_DX;2022-02-21T18:03:27.4Z;3,02;Accelerometro_SX
2022-02-21T18:04:06.8Z;2,03;Accelerometro_DX;2022-02-21T18:03:27.8Z;3,05;Accelerometro_SX
2022-02-21T18:04:08.1Z;2,03;Accelerometro_DX;2022-02-21T18:03:28.3Z;3,06;Accelerometro_SX
2022-02-21T18:04:08.5Z;2,04;Accelerometro_DX;2022-02-21T18:03:28.7Z;3,08;Accelerometro_SX
2022-02-21T18:04:11.6Z;2,05;Accelerometro_DX;2022-02-21T18:03:29.2Z;3,08;Accelerometro_SX
2022-02-21T18:04:12Z;2,05;Accelerometro_DX;2022-02-21T18:03:29.6Z;3,09;Accelerometro_SX
2022-02-21T18:04:12.5Z;2,04;Accelerometro_DX;2022-02-21T18:03:30Z;3,09;Accelerometro_SX
2022-02-21T18:04:16.1Z;2,04;Accelerometro_DX;2022-02-21T18:03:33.2Z;3,11;Accelerometro_SX
2022-02-21T18:04:19.1Z;2,03;Accelerometro_DX;2022-02-21T18:03:33.6Z;3,14;Accelerometro_SX
2022-02-21T18:04:19.6Z;2,04;Accelerometro_DX;2022-02-21T18:03:36.7Z;3,15;Accelerometro_SX
2022-02-21T18:04:22.7Z;2,03;Accelerometro_DX;2022-02-21T18:03:37.1Z;3,16;Accelerometro_SX
2022-02-21T18:04:26.1Z;2,03;Accelerometro_DX;2022-02-21T18:03:37.5Z;3,17;Accelerometro_SX
2022-02-21T18:04:26.5Z;2,03;Accelerometro_DX;2022-02-21T18:03:38Z;3,17;Accelerometro_SX
2022-02-21T18:04:26.9Z;2,03;Accelerometro_DX;2022-02-21T18:03:38.4Z;3,17;Accelerometro_SX
2022-02-21T18:04:27.4Z;2,03;Accelerometro_DX;2022-02-21T18:03:38.9Z;3,17;Accelerometro_SX
2022-02-21T18:04:27.8Z;2,03;Accelerometro_DX;2022-02-21T18:03:39.3Z;3,18;Accelerometro_SX
2022-02-21T18:04:28.2Z;2,03;Accelerometro_DX;2022-02-21T18:03:39.7Z;3,18;Accelerometro_SX
2022-02-21T18:04:28.6Z;2,03;Accelerometro_DX;2022-02-21T18:03:40.1Z;3,18;Accelerometro_SX
2022-02-21T18:04:29Z;2,02;Accelerometro_DX;2022-02-21T18:03:40.5Z;3,18;Accelerometro_SX
2022-02-21T18:04:29.5Z;2,03;Accelerometro_DX;2022-02-21T18:03:41Z;3,18;Accelerometro_SX
2022-02-21T18:04:29.9Z;2,03;Accelerometro_DX;2022-02-21T18:03:41.4Z;3,18;Accelerometro_SX
2022-02-21T18:04:30.3Z;2,03;Accelerometro_DX;2022-02-21T18:03:44.7Z;3,18;Accelerometro_SX
2022-02-21T18:04:31Z;2,03;Accelerometro_DX;2022-02-21T18:03:45.1Z;3,19;Accelerometro_SX
2022-02-21T18:04:31.4Z;2,03;Accelerometro_DX;2022-02-21T18:03:48.4Z;3,19;Accelerometro_SX
2022-02-21T18:04:31.8Z;2,02;Accelerometro_DX;2022-02-21T18:03:48.8Z;3,21;Accelerometro_SX
2022-02-21T18:04:35.1Z;2,03;Accelerometro_DX;2022-02-21T18:03:49.3Z;3,21;Accelerometro_SX
2022-02-21T18:04:35.5Z;2,03;Accelerometro_DX;2022-02-21T18:03:49.7Z;3,2;Accelerometro_SX
2022-02-21T18:04:35.9Z;2,03;Accelerometro_DX;2022-02-21T18:03:50.2Z;3,21;Accelerometro_SX
2022-02-21T18:04:36.3Z;2,03;Accelerometro_DX;2022-02-21T18:03:50.6Z;3,21;Accelerometro_SX
2022-02-21T18:04:37.1Z;2,03;Accelerometro_DX;2022-02-21T18:03:51Z;3,21;Accelerometro_SX
2022-02-21T18:04:40.6Z;2,03;Accelerometro_DX;2022-02-21T18:03:51.4Z;3,21;Accelerometro_SX
2022-02-21T18:04:41Z;2,02;Accelerometro_DX;2022-02-21T18:03:51.9Z;3,21;Accelerometro_SX
2022-02-21T18:04:41.4Z;2,02;Accelerometro_DX;2022-02-21T18:03:52.3Z;3,21;Accelerometro_SX
2022-02-21T18:04:41.9Z;2,02;Accelerometro_DX;2022-02-21T18:03:52.7Z;3,22;Accelerometro_SX
2022-02-21T18:04:42.7Z;2,02;Accelerometro_DX;2022-02-21T18:03:53.1Z;3,22;Accelerometro_SX
2022-02-21T18:04:43.1Z;2,02;Accelerometro_DX;2022-02-21T18:03:53.6Z;3,22;Accelerometro_SX
2022-02-21T18:04:43.5Z;2,03;Accelerometro_DX;2022-02-21T18:03:54Z;3,22;Accelerometro_SX
2022-02-21T18:04:44Z;2,03;Accelerometro_DX;2022-02-21T18:03:54.5Z;3,22;Accelerometro_SX
2022-02-21T18:04:44.4Z;2,02;Accelerometro_DX;2022-02-21T18:03:54.9Z;3,22;Accelerometro_SX
2022-02-21T18:04:47.6Z;2,02;Accelerometro_DX;2022-02-21T18:03:55.3Z;3,22;Accelerometro_SX
2022-02-21T18:04:48Z;2,03;Accelerometro_DX;2022-02-21T18:03:55.8Z;3,22;Accelerometro_SX
2022-02-21T18:04:48.8Z;2,03;Accelerometro_DX;2022-02-21T18:03:56.2Z;3,22;Accelerometro_SX
2022-02-21T18:04:52.1Z;2,02;Accelerometro_DX;2022-02-21T18:03:59.2Z;3,22;Accelerometro_SX
2022-02-21T18:04:52.6Z;2,03;Accelerometro_DX;2022-02-21T18:04:01.6Z;3,22;Accelerometro_SX
2022-02-21T18:04:53Z;2,04;Accelerometro_DX;2022-02-21T18:04:02.1Z;3,23;Accelerometro_SX
2022-02-21T18:04:53.5Z;2,04;Accelerometro_DX;2022-02-21T18:04:02.9Z;3,23;Accelerometro_SX
2022-02-21T18:04:53.9Z;2,04;Accelerometro_DX;2022-02-21T18:04:03.4Z;3,23;Accelerometro_SX
2022-02-21T18:04:54.6Z;2,04;Accelerometro_DX;2022-02-21T18:04:03.8Z;3,23;Accelerometro_SX
2022-02-21T18:04:55Z;2,04;Accelerometro_DX;2022-02-21T18:04:04.2Z;3,23;Accelerometro_SX
2022-02-21T18:04:55.5Z;2,04;Accelerometro_DX;2022-02-21T18:04:04.7Z;3,23;Accelerometro_SX
2022-02-21T18:04:55.9Z;2,04;Accelerometro_DX;2022-02-21T18:04:05.1Z;3,24;Accelerometro_SX
2022-02-21T18:04:56.3Z;2,04;Accelerometro_DX;2022-02-21T18:04:05.5Z;3,23;Accelerometro_SX
2022-02-21T18:04:59.6Z;2,04;Accelerometro_DX;2022-02-21T18:04:06Z;3,23;Accelerometro_SX
2022-02-21T18:05:00Z;2,07;Accelerometro_DX;2022-02-21T18:04:06.4Z;3,24;Accelerometro_SX
2022-02-21T18:05:00.8Z;2,08;Accelerometro_DX;2022-02-21T18:04:06.8Z;3,24;Accelerometro_SX
2022-02-21T18:05:05.1Z;2,07;Accelerometro_DX;2022-02-21T18:04:07.4Z;3,23;Accelerometro_SX
2022-02-21T18:05:08.1Z;2,16;Accelerometro_DX;2022-02-21T18:04:07.9Z;3,23;Accelerometro_SX
2022-02-21T18:05:11.1Z;2,34;Accelerometro_DX;2022-02-21T18:04:08.3Z;3,24;Accelerometro_SX
2022-02-21T18:05:11.5Z;2,52;Accelerometro_DX;2022-02-21T18:04:08.7Z;3,24;Accelerometro_SX
2022-02-21T18:05:11.9Z;2,93;Accelerometro_DX;2022-02-21T18:04:09.2Z;3,24;Accelerometro_SX
2022-02-21T18:05:15.1Z;3,79;Accelerometro_DX;2022-02-21T18:04:09.6Z;3,24;Accelerometro_SX
2022-02-21T18:05:18.1Z;2,05;Accelerometro_DX;2022-02-21T18:04:10Z;3,24;Accelerometro_SX
2022-02-21T18:05:21.1Z;2,67;Accelerometro_DX;2022-02-21T18:04:13.2Z;3,24;Accelerometro_SX
2022-02-21T18:05:24.3Z;3,12;Accelerometro_DX;2022-02-21T18:04:16.2Z;3,24;Accelerometro_SX
2022-02-21T18:05:24.7Z;2,97;Accelerometro_DX;2022-02-21T18:04:19.7Z;3,24;Accelerometro_SX
2022-02-21T18:05:25.8Z;2,13;Accelerometro_DX;2022-02-21T18:04:20.1Z;3,25;Accelerometro_SX
2022-02-21T18:05:26.2Z;2,17;Accelerometro_DX;2022-02-21T18:04:20.6Z;3,25;Accelerometro_SX
2022-02-21T18:05:26.6Z;2,44;Accelerometro_DX;2022-02-21T18:04:21.3Z;3,25;Accelerometro_SX
2022-02-21T18:05:27Z;2,27;Accelerometro_DX;2022-02-21T18:04:24.7Z;3,25;Accelerometro_SX
2022-02-21T18:05:30.1Z;2,73;Accelerometro_DX;2022-02-21T18:04:25.1Z;3,26;Accelerometro_SX
2022-02-21T18:05:30.5Z;2,87;Accelerometro_DX;2022-02-21T18:04:25.9Z;3,26;Accelerometro_SX
2022-02-21T18:05:31.2Z;3,07;Accelerometro_DX;2022-02-21T18:04:26.3Z;3,25;Accelerometro_SX
2022-02-21T18:05:31.6Z;1,96;Accelerometro_DX;2022-02-21T18:04:26.8Z;3,26;Accelerometro_SX
2022-02-21T18:05:32Z;2,7;Accelerometro_DX;2022-02-21T18:04:27.2Z;3,26;Accelerometro_SX
2022-02-21T18:05:35.1Z;3,08;Accelerometro_DX;2022-02-21T18:04:27.6Z;3,25;Accelerometro_SX
2022-02-21T18:05:35.5Z;1,82;Accelerometro_DX;2022-02-21T18:04:28.1Z;3,26;Accelerometro_SX
2022-02-21T18:05:36Z;2,67;Accelerometro_DX;2022-02-21T18:04:28.5Z;3,26;Accelerometro_SX
2022-02-21T18:05:36.4Z;3,71;Accelerometro_DX;2022-02-21T18:04:29Z;3,26;Accelerometro_SX
2022-02-21T18:05:36.8Z;3,03;Accelerometro_DX;2022-02-21T18:04:29.4Z;3,26;Accelerometro_SX
2022-02-21T18:05:37.3Z;3,12;Accelerometro_DX;2022-02-21T18:04:29.8Z;3,26;Accelerometro_SX
2022-02-21T18:05:37.7Z;1,79;Accelerometro_DX;2022-02-21T18:04:30.2Z;3,26;Accelerometro_SX
2022-02-21T18:05:39.2Z;1,46;Accelerometro_DX;2022-02-21T18:04:30.7Z;3,25;Accelerometro_SX
2022-02-21T18:05:39.7Z;2,59;Accelerometro_DX;2022-02-21T18:04:31.1Z;3,26;Accelerometro_SX
2022-02-21T18:05:40.1Z;1,86;Accelerometro_DX;2022-02-21T18:04:31.5Z;3,26;Accelerometro_SX
2022-02-21T18:05:40.5Z;2,29;Accelerometro_DX;2022-02-21T18:04:31.9Z;3,26;Accelerometro_SX
2022-02-21T18:05:45.9Z;3,09;Accelerometro_DX;2022-02-21T18:04:32.4Z;3,26;Accelerometro_SX
2022-02-21T18:05:49.1Z;3,09;Accelerometro_DX;2022-02-21T18:04:32.8Z;3,26;Accelerometro_SX
2022-02-21T18:05:49.2Z;2,57;Accelerometro_DX;2022-02-21T18:04:33.3Z;3,26;Accelerometro_SX
2022-02-21T18:05:49.6Z;2,3;Accelerometro_DX;2022-02-21T18:04:33.7Z;3,26;Accelerometro_SX
2022-02-21T18:05:52.8Z;1,89;Accelerometro_DX;2022-02-21T18:04:34.1Z;3,26;Accelerometro_SX
2022-02-21T18:05:54.2Z;1,88;Accelerometro_DX;2022-02-21T18:04:34.6Z;3,26;Accelerometro_SX
2022-02-21T18:06:00Z;1,93;Accelerometro_DX;2022-02-21T18:04:35Z;3,26;Accelerometro_SX
2022-02-21T18:06:00.1Z;2,98;Accelerometro_DX;2022-02-21T18:04:35.5Z;3,26;Accelerometro_SX
2022-02-21T18:06:00.7Z;2,16;Accelerometro_DX;2022-02-21T18:04:35.9Z;3,26;Accelerometro_SX
2022-02-21T18:06:01.1Z;2,24;Accelerometro_DX;2022-02-21T18:04:36.3Z;3,26;Accelerometro_SX
2022-02-21T18:06:01.6Z;2,3;Accelerometro_DX;2022-02-21T18:04:36.8Z;3,26;Accelerometro_SX
2022-02-21T18:06:02Z;2,27;Accelerometro_DX;2022-02-21T18:04:37.2Z;3,26;Accelerometro_SX
2022-02-21T18:06:02.4Z;2,26;Accelerometro_DX;2022-02-21T18:04:37.7Z;3,26;Accelerometro_SX
2022-02-21T18:06:02.8Z;2,26;Accelerometro_DX;2022-02-21T18:04:38.1Z;3,26;Accelerometro_SX
2022-02-21T18:06:03.3Z;2,25;Accelerometro_DX;2022-02-21T18:04:41.2Z;3,26;Accelerometro_SX
2022-02-21T18:06:03.7Z;2,24;Accelerometro_DX;2022-02-21T18:04:44.2Z;3,26;Accelerometro_SX
2022-02-21T18:06:04.1Z;2,23;Accelerometro_DX;2022-02-21T18:04:44.6Z;3,27;Accelerometro_SX
2022-02-21T18:06:04.6Z;2,24;Accelerometro_DX;2022-02-21T18:04:45Z;3,27;Accelerometro_SX
2022-02-21T18:06:05.3Z;2,23;Accelerometro_DX;2022-02-21T18:04:45.5Z;3,27;Accelerometro_SX
2022-02-21T18:06:06Z;2,22;Accelerometro_DX;2022-02-21T18:04:45.9Z;3,27;Accelerometro_SX
2022-02-21T18:06:06.4Z;2,22;Accelerometro_DX;2022-02-21T18:04:46.3Z;3,27;Accelerometro_SX
2022-02-21T18:06:06.9Z;2,21;Accelerometro_DX;2022-02-21T18:04:49.1Z;3,27;Accelerometro_SX
2022-02-21T18:06:11.1Z;2,21;Accelerometro_DX;2022-02-21T18:04:52.4Z;3,27;Accelerometro_SX
2022-02-21T18:06:11.5Z;2,18;Accelerometro_DX;2022-02-21T18:04:52.8Z;3,27;Accelerometro_SX
2022-02-21T18:06:14.6Z;2,18;Accelerometro_DX;2022-02-21T18:04:53.3Z;3,27;Accelerometro_SX
2022-02-21T18:06:26.2Z;2,17;Accelerometro_DX;2022-02-21T18:04:53.7Z;3,28;Accelerometro_SX
2022-02-21T18:06:29.1Z;2,15;Accelerometro_DX;2022-02-21T18:04:54.1Z;3,27;Accelerometro_SX
2022-02-21T18:06:32.6Z;2,14;Accelerometro_DX;2022-02-21T18:04:54.6Z;3,28;Accelerometro_SX
2022-02-21T18:06:33Z;2,16;Accelerometro_DX;2022-02-21T18:04:55Z;3,28;Accelerometro_SX
2022-02-21T18:06:33.5Z;2,15;Accelerometro_DX;2022-02-21T18:04:55.4Z;3,27;Accelerometro_SX
2022-02-21T18:06:33.9Z;2,14;Accelerometro_DX;2022-02-21T18:04:55.8Z;3,28;Accelerometro_SX
2022-02-21T18:06:38.1Z;2,14;Accelerometro_DX;2022-02-21T18:04:56.2Z;3,28;Accelerometro_SX
2022-02-21T18:06:38.5Z;2,14;Accelerometro_DX;2022-02-21T18:04:56.7Z;3,28;Accelerometro_SX
2022-02-21T18:06:39Z;2,13;Accelerometro_DX;2022-02-21T18:04:57.1Z;3,28;Accelerometro_SX
2022-02-21T18:06:39.4Z;2,13;Accelerometro_DX;2022-02-21T18:04:57.5Z;3,28;Accelerometro_SX
2022-02-21T18:06:39.8Z;2,13;Accelerometro_DX;2022-02-21T18:04:57.9Z;3,28;Accelerometro_SX
2022-02-21T18:06:40.2Z;2,13;Accelerometro_DX;2022-02-21T18:05:01.2Z;3,28;Accelerometro_SX
2022-02-21T18:06:40.7Z;2,13;Accelerometro_DX;2022-02-21T18:05:01.6Z;3,28;Accelerometro_SX
2022-02-21T18:06:41.1Z;2,13;Accelerometro_DX;2022-02-21T18:05:02Z;3,28;Accelerometro_SX
2022-02-21T18:06:41.6Z;2,14;Accelerometro_DX;2022-02-21T18:05:05.2Z;3,28;Accelerometro_SX
2022-02-21T18:06:44.6Z;2,12;Accelerometro_DX;2022-02-21T18:05:05.6Z;3,12;Accelerometro_SX
2022-02-21T18:06:45Z;2,13;Accelerometro_DX;2022-02-21T18:05:06Z;3,04;Accelerometro_SX
2022-02-21T18:06:45.7Z;2,13;Accelerometro_DX;2022-02-21T18:05:06.5Z;3,12;Accelerometro_SX
2022-02-21T18:06:47Z;2,13;Accelerometro_DX;2022-02-21T18:05:09.7Z;2,93;Accelerometro_SX
2022-02-21T18:06:47.4Z;2,12;Accelerometro_DX;2022-02-21T18:05:10.1Z;5,12;Accelerometro_SX
2022-02-21T18:06:47.9Z;2,12;Accelerometro_DX;2022-02-21T18:05:10.6Z;5,25;Accelerometro_SX
2022-02-21T18:06:51.1Z;2,12;Accelerometro_DX;2022-02-21T18:05:11Z;5,24;Accelerometro_SX
2022-02-21T18:06:51.5Z;2,12;Accelerometro_DX;2022-02-21T18:05:11.4Z;5,21;Accelerometro_SX
2022-02-21T18:06:54.6Z;2,11;Accelerometro_DX;2022-02-21T18:05:11.9Z;4,49;Accelerometro_SX
2022-02-21T18:06:55Z;2,11;Accelerometro_DX;2022-02-21T18:05:12.3Z;0,3;Accelerometro_SX
2022-02-21T18:06:55.5Z;2,11;Accelerometro_DX;2022-02-21T18:05:15.7Z;1,71;Accelerometro_SX
2022-02-21T18:06:55.9Z;2,11;Accelerometro_DX;2022-02-21T18:05:16.1Z;4,35;Accelerometro_SX
2022-02-21T18:06:56.3Z;2,11;Accelerometro_DX;2022-02-21T18:05:16.6Z;4,9;Accelerometro_SX
2022-02-21T18:06:56.7Z;2,1;Accelerometro_DX;2022-02-21T18:05:19.7Z;3,93;Accelerometro_SX
2022-02-21T18:06:57.2Z;2,11;Accelerometro_DX;2022-02-21T18:05:20.1Z;1,75;Accelerometro_SX
2022-02-21T18:06:57.6Z;2,11;Accelerometro_DX;2022-02-21T18:05:20.6Z;3,07;Accelerometro_SX
2022-02-21T18:06:58Z;2,11;Accelerometro_DX;2022-02-21T18:05:21.4Z;2,81;Accelerometro_SX
2022-02-21T18:06:58.5Z;2,11;Accelerometro_DX;2022-02-21T18:05:22.1Z;3,33;Accelerometro_SX
2022-02-21T18:06:58.9Z;2,11;Accelerometro_DX;2022-02-21T18:05:22.6Z;4,07;Accelerometro_SX
2022-02-21T18:06:59.3Z;2,11;Accelerometro_DX;2022-02-21T18:05:23Z;2,11;Accelerometro_SX
2022-02-21T18:06:59.7Z;2,11;Accelerometro_DX;2022-02-21T18:05:23.4Z;2,79;Accelerometro_SX
2022-02-21T18:07:00.1Z;2,11;Accelerometro_DX;2022-02-21T18:05:23.9Z;3,65;Accelerometro_SX
2022-02-21T18:07:00.6Z;2,1;Accelerometro_DX;2022-02-21T18:05:24.5Z;3,23;Accelerometro_SX
2022-02-21T18:07:01Z;2,1;Accelerometro_DX;2022-02-21T18:05:27.7Z;2,6;Accelerometro_SX
2022-02-21T18:07:01.4Z;2,1;Accelerometro_DX;2022-02-21T18:05:31.1Z;3,79;Accelerometro_SX
2022-02-21T18:07:01.8Z;2,1;Accelerometro_DX;2022-02-21T18:05:31.6Z;3,89;Accelerometro_SX
2022-02-21T18:07:02.2Z;2,1;Accelerometro_DX;2022-02-21T18:05:32.5Z;2,69;Accelerometro_SX
2022-02-21T18:07:02.6Z;2,1;Accelerometro_DX;2022-02-21T18:05:32.9Z;2,9;Accelerometro_SX
2022-02-21T18:07:03.1Z;2,1;Accelerometro_DX;2022-02-21T18:05:33.3Z;2,54;Accelerometro_SX
2022-02-21T18:07:03.5Z;2,1;Accelerometro_DX;2022-02-21T18:05:33.8Z;2,87;Accelerometro_SX
2022-02-21T18:07:04Z;2,1;Accelerometro_DX;2022-02-21T18:05:34.2Z;2,86;Accelerometro_SX
2022-02-21T18:07:04.4Z;2,1;Accelerometro_DX;2022-02-21T18:05:34.6Z;2,29;Accelerometro_SX
2022-02-21T18:07:04.8Z;2,1;Accelerometro_DX;2022-02-21T18:05:35.4Z;4,05;Accelerometro_SX
2022-02-21T18:07:08.4Z;2,1;Accelerometro_DX;2022-02-21T18:05:35.8Z;3,12;Accelerometro_SX
2022-02-21T18:07:08.8Z;2,09;Accelerometro_DX;2022-02-21T18:05:36.2Z;2;Accelerometro_SX
2022-02-21T18:07:09.3Z;2,09;Accelerometro_DX;2022-02-21T18:05:36.7Z;1,9;Accelerometro_SX
2022-02-21T18:07:10.2Z;2,09;Accelerometro_DX;2022-02-21T18:05:37.1Z;2,86;Accelerometro_SX
2022-02-21T18:07:13.6Z;2,09;Accelerometro_DX;2022-02-21T18:05:37.5Z;2,38;Accelerometro_SX
2022-02-21T18:07:16.6Z;2,09;Accelerometro_DX;2022-02-21T18:05:38.2Z;3,32;Accelerometro_SX
2022-02-21T18:07:17Z;2,08;Accelerometro_DX;2022-02-21T18:05:38.7Z;3,2;Accelerometro_SX
2022-02-21T18:07:17.5Z;2,09;Accelerometro_DX;2022-02-21T18:05:39.2Z;1,93;Accelerometro_SX
2022-02-21T18:07:20.6Z;2,08;Accelerometro_DX;2022-02-21T18:05:39.7Z;1,69;Accelerometro_SX
2022-02-21T18:07:26.4Z;2,08;Accelerometro_DX;2022-02-21T18:05:40.1Z;3,13;Accelerometro_SX
2022-02-21T18:07:26.6Z;2,08;Accelerometro_DX;2022-02-21T18:05:40.6Z;2,7;Accelerometro_SX
2022-02-21T18:07:27Z;2,07;Accelerometro_DX;2022-02-21T18:05:41Z;2,25;Accelerometro_SX
2022-02-21T18:07:27.5Z;2,07;Accelerometro_DX;2022-02-21T18:05:41.6Z;4,66;Accelerometro_SX
2022-02-21T18:07:27.9Z;1,08;Accelerometro_DX;2022-02-21T18:05:42Z;2,64;Accelerometro_SX
2022-02-21T18:07:28.4Z;1,02;Accelerometro_DX;2022-02-21T18:05:42.4Z;2,07;Accelerometro_SX
2022-02-21T18:07:28.8Z;1,86;Accelerometro_DX;2022-02-21T18:05:42.9Z;2,29;Accelerometro_SX
2022-02-21T18:07:29.2Z;2,23;Accelerometro_DX;2022-02-21T18:05:43.3Z;2,99;Accelerometro_SX
2022-02-21T18:07:29.6Z;1,95;Accelerometro_DX;2022-02-21T18:05:43.7Z;3,97;Accelerometro_SX
2022-02-21T18:07:30.1Z;1,58;Accelerometro_DX;2022-02-21T18:05:44.1Z;2,1;Accelerometro_SX
2022-02-21T18:07:30.5Z;2,16;Accelerometro_DX;2022-02-21T18:05:44.6Z;3,54;Accelerometro_SX
2022-02-21T18:07:30.9Z;2,25;Accelerometro_DX;2022-02-21T18:05:45Z;4,2;Accelerometro_SX
2022-02-21T18:07:31.4Z;2,25;Accelerometro_DX;2022-02-21T18:05:45.4Z;2,31;Accelerometro_SX
2022-02-21T18:07:31.8Z;2,25;Accelerometro_DX;2022-02-21T18:05:45.9Z;2,08;Accelerometro_SX
2022-02-21T18:07:32.2Z;2,25;Accelerometro_DX;2022-02-21T18:05:46.3Z;3;Accelerometro_SX
2022-02-21T18:07:32.6Z;2,25;Accelerometro_DX;2022-02-21T18:05:46.8Z;3,64;Accelerometro_SX
2022-02-21T18:07:33.1Z;2,25;Accelerometro_DX;2022-02-21T18:05:47.2Z;2;Accelerometro_SX
2022-02-21T18:07:36.1Z;2,25;Accelerometro_DX;2022-02-21T18:05:47.6Z;3,34;Accelerometro_SX
2022-02-21T18:07:36.5Z;2,21;Accelerometro_DX;2022-02-21T18:05:48.1Z;3,61;Accelerometro_SX
2022-02-21T18:07:37Z;2,22;Accelerometro_DX;2022-02-21T18:05:51.2Z;2,55;Accelerometro_SX
2022-02-21T18:07:37.4Z;2,21;Accelerometro_DX;2022-02-21T18:05:54.2Z;3,52;Accelerometro_SX
2022-02-21T18:07:37.9Z;2,2;Accelerometro_DX;2022-02-21T18:05:57.2Z;3,66;Accelerometro_SX
2022-02-21T18:07:38.3Z;2,19;Accelerometro_DX;2022-02-21T18:06:03Z;2,43;Accelerometro_SX
2022-02-21T18:07:47Z;2,19;Accelerometro_DX;2022-02-21T18:06:04.5Z;3,38;Accelerometro_SX
2022-02-21T18:07:47.2Z;2,2;Accelerometro_DX;2022-02-21T18:06:04.9Z;3,41;Accelerometro_SX
2022-02-21T18:07:47.6Z;2,2;Accelerometro_DX;2022-02-21T18:06:05.5Z;3,41;Accelerometro_SX
2022-02-21T18:07:48Z;2,2;Accelerometro_DX;2022-02-21T18:06:05.9Z;3,41;Accelerometro_SX
2022-02-21T18:07:48.4Z;2,2;Accelerometro_DX;2022-02-21T18:06:06.2Z;2,43;Accelerometro_SX
2022-02-21T18:07:48.9Z;2,2;Accelerometro_DX;2022-02-21T18:06:07.6Z;3,42;Accelerometro_SX
2022-02-21T18:07:49.3Z;2,2;Accelerometro_DX;2022-02-21T18:06:11.2Z;3,45;Accelerometro_SX
2022-02-21T18:07:49.7Z;2,2;Accelerometro_DX;2022-02-21T18:06:11.7Z;3,45;Accelerometro_SX
2022-02-21T18:07:50.1Z;2,2;Accelerometro_DX;2022-02-21T18:06:13.7Z;3,45;Accelerometro_SX
2022-02-21T18:07:50.6Z;2,2;Accelerometro_DX;2022-02-21T18:06:14.1Z;3,47;Accelerometro_SX
2022-02-21T18:07:51Z;2,2;Accelerometro_DX;2022-02-21T18:06:14.6Z;3,46;Accelerometro_SX
2022-02-21T18:07:51.5Z;2,2;Accelerometro_DX;2022-02-21T18:06:29.2Z;3,47;Accelerometro_SX
2022-02-21T18:07:51.9Z;2,2;Accelerometro_DX;2022-02-21T18:06:29.3Z;3,49;Accelerometro_SX
2022-02-21T18:07:52.3Z;2,2;Accelerometro_DX;2022-02-21T18:06:29.8Z;3,51;Accelerometro_SX
2022-02-21T18:07:52.7Z;2,2;Accelerometro_DX;2022-02-21T18:06:30.2Z;3,52;Accelerometro_SX
2022-02-21T18:07:53.1Z;2,2;Accelerometro_DX;2022-02-21T18:06:33.2Z;3,51;Accelerometro_SX
2022-02-21T18:08:05.1Z;2,2;Accelerometro_DX;2022-02-21T18:06:36.7Z;3,52;Accelerometro_SX
2022-02-21T18:08:08.1Z;2,19;Accelerometro_DX;2022-02-21T18:06:37.1Z;3,54;Accelerometro_SX
2022-02-21T18:08:08.7Z;2,19;Accelerometro_DX;2022-02-21T18:06:40.3Z;3,54;Accelerometro_SX
2022-02-21T18:08:09.1Z;2,19;Accelerometro_DX;2022-02-21T18:06:41.8Z;3,54;Accelerometro_SX
2022-02-21T18:08:09.5Z;2,19;Accelerometro_DX;2022-02-21T18:06:45.5Z;3,55;Accelerometro_SX
2022-02-21T18:08:09.9Z;2,18;Accelerometro_DX;2022-02-21T18:06:52.6Z;3,55;Accelerometro_SX
2022-02-21T18:08:10.4Z;2,18;Accelerometro_DX;2022-02-21T18:06:53.1Z;3,56;Accelerometro_SX
2022-02-21T18:08:10.8Z;2,18;Accelerometro_DX;2022-02-21T18:06:56.2Z;3,56;Accelerometro_SX
2022-02-21T18:08:11.2Z;2,19;Accelerometro_DX;2022-02-21T18:06:56.6Z;3,57;Accelerometro_SX
2022-02-21T18:08:11.7Z;2,18;Accelerometro_DX;2022-02-21T18:06:57.8Z;3,57;Accelerometro_SX
2022-02-21T18:08:12.1Z;2,18;Accelerometro_DX;2022-02-21T18:06:58.6Z;3,57;Accelerometro_SX
2022-02-21T18:08:12.6Z;2,18;Accelerometro_DX;2022-02-21T18:06:59.1Z;3,57;Accelerometro_SX
2022-02-21T18:08:13Z;2,18;Accelerometro_DX;2022-02-21T18:06:59.5Z;3,57;Accelerometro_SX
2022-02-21T18:08:13.4Z;2,19;Accelerometro_DX;2022-02-21T18:06:59.9Z;3,57;Accelerometro_SX
2022-02-21T18:08:13.9Z;2,18;Accelerometro_DX;2022-02-21T18:07:00.3Z;3,57;Accelerometro_SX
2022-02-21T18:08:14.3Z;2,18;Accelerometro_DX;2022-02-21T18:07:00.8Z;3,57;Accelerometro_SX
2022-02-21T18:08:14.7Z;2,18;Accelerometro_DX;2022-02-21T18:07:01.2Z;3,57;Accelerometro_SX
2022-02-21T18:08:15.1Z;2,18;Accelerometro_DX;2022-02-21T18:07:01.6Z;3,57;Accelerometro_SX
2022-02-21T18:08:15.6Z;2,19;Accelerometro_DX;2022-02-21T18:07:04.7Z;3,57;Accelerometro_SX
2022-02-21T18:08:16.3Z;2,18;Accelerometro_DX;2022-02-21T18:07:05.6Z;3,58;Accelerometro_SX
2022-02-21T18:08:19.6Z;2,17;Accelerometro_DX;2022-02-21T18:07:06Z;3,58;Accelerometro_SX
2022-02-21T18:08:20.1Z;2,17;Accelerometro_DX;2022-02-21T18:07:06.4Z;3,58;Accelerometro_SX
2022-02-21T18:08:20.5Z;2,18;Accelerometro_DX;2022-02-21T18:07:12.5Z;3,58;Accelerometro_SX
2022-02-21T18:08:20.9Z;2,18;Accelerometro_DX;2022-02-21T18:07:15.2Z;3,59;Accelerometro_SX
2022-02-21T18:08:24.2Z;2,18;Accelerometro_DX;2022-02-21T18:07:15.7Z;3,58;Accelerometro_SX
2022-02-21T18:08:24.6Z;0,43;Accelerometro_DX;2022-02-21T18:07:18.7Z;3,59;Accelerometro_SX
2022-02-21T18:08:25.4Z;0,24;Accelerometro_DX;2022-02-21T18:07:21.7Z;3,59;Accelerometro_SX
2022-02-21T18:08:25.8Z;3,7;Accelerometro_DX;2022-02-21T18:07:22.1Z;3,6;Accelerometro_SX
2022-02-21T18:08:26.8Z;1,87;Accelerometro_DX;2022-02-21T18:07:22.6Z;3,6;Accelerometro_SX
2022-02-21T18:08:27.4Z;2;Accelerometro_DX;2022-02-21T18:07:23Z;3,6;Accelerometro_SX
2022-02-21T18:08:27.8Z;1,92;Accelerometro_DX;2022-02-21T18:07:23.4Z;3,6;Accelerometro_SX
2022-02-21T18:08:28.2Z;1,95;Accelerometro_DX;2022-02-21T18:07:23.8Z;3,6;Accelerometro_SX
2022-02-21T18:08:28.7Z;1,91;Accelerometro_DX;2022-02-21T18:07:24.3Z;3,6;Accelerometro_SX
2022-02-21T18:08:29.1Z;1,83;Accelerometro_DX;2022-02-21T18:07:24.7Z;3,6;Accelerometro_SX
2022-02-21T18:08:29.9Z;2,94;Accelerometro_DX;2022-02-21T18:07:25.1Z;3,6;Accelerometro_SX
2022-02-21T18:08:30.3Z;0,82;Accelerometro_DX;2022-02-21T18:07:28.2Z;3,6;Accelerometro_SX
2022-02-21T18:08:35.2Z;2,67;Accelerometro_DX;2022-02-21T18:07:28.6Z;3,61;Accelerometro_SX
2022-02-21T18:08:35.6Z;2,46;Accelerometro_DX;2022-02-21T18:07:29Z;3,6;Accelerometro_SX
2022-02-21T18:08:36.1Z;2,95;Accelerometro_DX;2022-02-21T18:07:29.5Z;3,1;Accelerometro_SX
2022-02-21T18:08:39.2Z;4,99;Accelerometro_DX;2022-02-21T18:07:29.9Z;1,35;Accelerometro_SX
2022-02-21T18:08:39.9Z;5,19;Accelerometro_DX;2022-02-21T18:07:30.3Z;2,05;Accelerometro_SX
2022-02-21T18:08:40.3Z;5,34;Accelerometro_DX;2022-02-21T18:07:36.1Z;2,89;Accelerometro_SX
2022-02-21T18:08:40.8Z;4,62;Accelerometro_DX;2022-02-21T18:07:36.2Z;2,89;Accelerometro_SX
2022-02-21T18:08:41.2Z;3,02;Accelerometro_DX;2022-02-21T18:07:36.3Z;2,62;Accelerometro_SX
2022-02-21T18:08:41.6Z;4,63;Accelerometro_DX;2022-02-21T18:07:36.7Z;1,54;Accelerometro_SX
2022-02-21T18:08:44.6Z;5,35;Accelerometro_DX;2022-02-21T18:07:37.1Z;1,39;Accelerometro_SX
2022-02-21T18:08:45.1Z;2,17;Accelerometro_DX;2022-02-21T18:07:37.6Z;1,3;Accelerometro_SX
2022-02-21T18:08:45.5Z;3,65;Accelerometro_DX;2022-02-21T18:07:38Z;1,07;Accelerometro_SX
2022-02-21T18:08:45.9Z;4,73;Accelerometro_DX;2022-02-21T18:07:38.4Z;1,12;Accelerometro_SX
2022-02-21T18:08:46.3Z;2,19;Accelerometro_DX;2022-02-21T18:07:42.1Z;1,17;Accelerometro_SX
2022-02-21T18:08:46.8Z;4,32;Accelerometro_DX;2022-02-21T18:07:42.5Z;0,54;Accelerometro_SX
2022-02-21T18:08:47.2Z;5,12;Accelerometro_DX;2022-02-21T18:07:43Z;0,66;Accelerometro_SX
2022-02-21T18:08:47.6Z;2,56;Accelerometro_DX;2022-02-21T18:07:43.4Z;0,8;Accelerometro_SX
2022-02-21T18:08:48Z;3,98;Accelerometro_DX;2022-02-21T18:07:43.8Z;0,84;Accelerometro_SX
2022-02-21T18:08:48.5Z;3,22;Accelerometro_DX;2022-02-21T18:07:44.2Z;0,47;Accelerometro_SX
2022-02-21T18:08:48.9Z;4,79;Accelerometro_DX;2022-02-21T18:07:44.7Z;0,78;Accelerometro_SX
2022-02-21T18:08:49.3Z;4,33;Accelerometro_DX;2022-02-21T18:07:45.1Z;2,28;Accelerometro_SX
2022-02-21T18:08:49.8Z;3,98;Accelerometro_DX;2022-02-21T18:07:48.3Z;3,4;Accelerometro_SX
2022-02-21T18:08:50.2Z;1,91;Accelerometro_DX;2022-02-21T18:07:49Z;3,52;Accelerometro_SX
2022-02-21T18:08:50.6Z;3,2;Accelerometro_DX;2022-02-21T18:07:49.5Z;3,51;Accelerometro_SX
2022-02-21T18:08:51.1Z;5,91;Accelerometro_DX;2022-02-21T18:07:49.9Z;3,52;Accelerometro_SX
2022-02-21T18:08:51.5Z;1,47;Accelerometro_DX;2022-02-21T18:07:51.4Z;3,52;Accelerometro_SX
2022-02-21T18:08:54.6Z;0,99;Accelerometro_DX;2022-02-21T18:07:51.8Z;3,51;Accelerometro_SX
2022-02-21T18:08:55.1Z;6,89;Accelerometro_DX;2022-02-21T18:07:52.3Z;3,52;Accelerometro_SX
2022-02-21T18:08:55.8Z;2,47;Accelerometro_DX;2022-02-21T18:08:01.2Z;3,52;Accelerometro_SX
2022-02-21T18:08:56.2Z;1,91;Accelerometro_DX;2022-02-21T18:08:03.7Z;3,52;Accelerometro_SX
2022-02-21T18:09:05.2Z;2,97;Accelerometro_DX;2022-02-21T18:08:03.8Z;3,47;Accelerometro_SX
2022-02-21T18:09:05.7Z;2,68;Accelerometro_DX;2022-02-21T18:08:04.3Z;3,57;Accelerometro_SX
2022-02-21T18:09:06.1Z;1,12;Accelerometro_DX;2022-02-21T18:08:04.7Z;3,57;Accelerometro_SX
2022-02-21T18:09:06.6Z;1,9;Accelerometro_DX;2022-02-21T18:08:05.2Z;3,57;Accelerometro_SX
2022-02-21T18:09:07Z;3,39;Accelerometro_DX;2022-02-21T18:08:05.6Z;3,57;Accelerometro_SX
2022-02-21T18:09:07.5Z;5,56;Accelerometro_DX;2022-02-21T18:08:06Z;3,57;Accelerometro_SX
2022-02-21T18:09:08Z;2,16;Accelerometro_DX;2022-02-21T18:08:06.5Z;3,56;Accelerometro_SX
2022-02-21T18:09:08.4Z;3,98;Accelerometro_DX;2022-02-21T18:08:06.9Z;3,57;Accelerometro_SX
2022-02-21T18:09:08.9Z;3,17;Accelerometro_DX;2022-02-21T18:08:07.3Z;3,56;Accelerometro_SX
2022-02-21T18:09:09.7Z;3,28;Accelerometro_DX;2022-02-21T18:08:07.7Z;3,57;Accelerometro_SX
2022-02-21T18:09:12.7Z;4,3;Accelerometro_DX;2022-02-21T18:08:08.1Z;3,56;Accelerometro_SX
2022-02-21T18:09:13.1Z;2,12;Accelerometro_DX;2022-02-21T18:08:08.8Z;3,57;Accelerometro_SX
2022-02-21T18:09:13.6Z;2,06;Accelerometro_DX;2022-02-21T18:08:09.2Z;3,57;Accelerometro_SX
2022-02-21T18:09:14Z;2,23;Accelerometro_DX;2022-02-21T18:08:10.6Z;3,57;Accelerometro_SX
2022-02-21T18:09:14.4Z;2,17;Accelerometro_DX;2022-02-21T18:08:11.3Z;3,57;Accelerometro_SX
2022-02-21T18:09:14.9Z;2,15;Accelerometro_DX;2022-02-21T18:08:11.7Z;3,57;Accelerometro_SX
2022-02-21T18:09:15.3Z;2,16;Accelerometro_DX;2022-02-21T18:08:12.2Z;3,57;Accelerometro_SX
2022-02-21T18:09:16Z;2,15;Accelerometro_DX;2022-02-21T18:08:12.6Z;3,57;Accelerometro_SX
2022-02-21T18:09:16.5Z;2,13;Accelerometro_DX;2022-02-21T18:08:15.7Z;3,57;Accelerometro_SX
2022-02-21T18:09:16.9Z;2,11;Accelerometro_DX;2022-02-21T18:08:16.3Z;3,57;Accelerometro_SX
2022-02-21T18:09:20.1Z;2,1;Accelerometro_DX;2022-02-21T18:08:19.7Z;3,6;Accelerometro_SX
2022-02-21T18:09:20.6Z;2,05;Accelerometro_DX;2022-02-21T18:08:20.1Z;3,58;Accelerometro_SX
2022-02-21T18:09:21.4Z;2,05;Accelerometro_DX;2022-02-21T18:08:26.4Z;3,59;Accelerometro_SX
2022-02-21T18:09:21.8Z;2,04;Accelerometro_DX;2022-02-21T18:08:26.8Z;2,83;Accelerometro_SX
2022-02-21T18:09:22.3Z;2,03;Accelerometro_DX;2022-02-21T18:08:27.3Z;2,84;Accelerometro_SX
2022-02-21T18:09:22.7Z;2,04;Accelerometro_DX;2022-02-21T18:08:27.7Z;2,94;Accelerometro_SX
2022-02-21T18:09:23.5Z;2,03;Accelerometro_DX;2022-02-21T18:08:28.1Z;2,94;Accelerometro_SX
2022-02-21T18:09:30.2Z;2,02;Accelerometro_DX;2022-02-21T18:08:28.5Z;2,94;Accelerometro_SX
2022-02-21T18:09:30.7Z;2,19;Accelerometro_DX;2022-02-21T18:08:29Z;3,14;Accelerometro_SX
2022-02-21T18:09:31.2Z;2,21;Accelerometro_DX;2022-02-21T18:08:29.4Z;3,53;Accelerometro_SX
2022-02-21T18:09:31.6Z;2,2;Accelerometro_DX;2022-02-21T18:08:29.8Z;3,64;Accelerometro_SX
2022-02-21T18:09:32Z;2,19;Accelerometro_DX;2022-02-21T18:08:30.2Z;3,01;Accelerometro_SX
2022-02-21T18:09:32.5Z;2,2;Accelerometro_DX;2022-02-21T18:08:30.7Z;3,04;Accelerometro_SX
2022-02-21T18:09:33Z;2,21;Accelerometro_DX;2022-02-21T18:08:31.4Z;3,01;Accelerometro_SX
2022-02-21T18:09:36.1Z;2,2;Accelerometro_DX;2022-02-21T18:08:32.3Z;2,96;Accelerometro_SX
2022-02-21T18:09:36.6Z;2,24;Accelerometro_DX;2022-02-21T18:08:32.7Z;1,78;Accelerometro_SX
2022-02-21T18:09:37Z;1,27;Accelerometro_DX;2022-02-21T18:08:33.1Z;3,2;Accelerometro_SX
2022-02-21T18:09:37.5Z;2,19;Accelerometro_DX;2022-02-21T18:08:33.5Z;3,27;Accelerometro_SX
2022-02-21T18:09:37.9Z;2,65;Accelerometro_DX;2022-02-21T18:08:34Z;3,71;Accelerometro_SX
2022-02-21T18:09:38.3Z;2,61;Accelerometro_DX;2022-02-21T18:08:34.4Z;2,93;Accelerometro_SX
2022-02-21T18:09:38.8Z;2,37;Accelerometro_DX;2022-02-21T18:08:34.8Z;5,4;Accelerometro_SX
2022-02-21T18:09:39.2Z;2,99;Accelerometro_DX;2022-02-21T18:08:35.2Z;1,86;Accelerometro_SX
2022-02-21T18:09:39.7Z;3,69;Accelerometro_DX;2022-02-21T18:08:35.7Z;2,97;Accelerometro_SX
2022-02-21T18:09:40.4Z;3,18;Accelerometro_DX;2022-02-21T18:08:36.1Z;6,03;Accelerometro_SX
2022-02-21T18:09:40.8Z;2,55;Accelerometro_DX;2022-02-21T18:08:36.5Z;5,17;Accelerometro_SX
2022-02-21T18:09:44.1Z;2,93;Accelerometro_DX;2022-02-21T18:08:37Z;1,9;Accelerometro_SX
2022-02-21T18:09:47.1Z;3,09;Accelerometro_DX;2022-02-21T18:08:37.4Z;2,95;Accelerometro_SX
2022-02-21T18:09:47.6Z;2,79;Accelerometro_DX;2022-02-21T18:08:37.8Z;5,91;Accelerometro_SX
2022-02-21T18:09:48Z;3,11;Accelerometro_DX;2022-02-21T18:08:38.2Z;4,8;Accelerometro_SX
2022-02-21T18:09:48.8Z;2,08;Accelerometro_DX;2022-02-21T18:08:38.8Z;2,79;Accelerometro_SX
2022-02-21T18:09:49.2Z;1,81;Accelerometro_DX;2022-02-21T18:08:42.2Z;3,38;Accelerometro_SX
2022-02-21T18:09:49.6Z;2,78;Accelerometro_DX;2022-02-21T18:08:42.7Z;3,51;Accelerometro_SX
2022-02-21T18:09:52.6Z;3,19;Accelerometro_DX;2022-02-21T18:08:43.1Z;4,9;Accelerometro_SX
2022-02-21T18:09:56.3Z;1,87;Accelerometro_DX;2022-02-21T18:08:43.5Z;6,21;Accelerometro_SX
2022-02-21T18:09:56.8Z;1,97;Accelerometro_DX;2022-02-21T18:08:43.9Z;4,25;Accelerometro_SX
2022-02-21T18:09:57.3Z;2,24;Accelerometro_DX;2022-02-21T18:08:44.4Z;2,42;Accelerometro_SX
2022-02-21T18:09:57.7Z;2,06;Accelerometro_DX;2022-02-21T18:08:44.8Z;3,77;Accelerometro_SX
2022-02-21T18:10:03.7Z;2,47;Accelerometro_DX;2022-02-21T18:08:45.2Z;4,5;Accelerometro_SX
2022-02-21T18:10:06.6Z;2,47;Accelerometro_DX;2022-02-21T18:08:45.7Z;1,99;Accelerometro_SX
2022-02-21T18:10:06.7Z;2,5;Accelerometro_DX;2022-02-21T18:08:46.1Z;3,05;Accelerometro_SX
2022-02-21T18:10:07.1Z;2,43;Accelerometro_DX;2022-02-21T18:08:46.5Z;2,6;Accelerometro_SX
2022-02-21T18:10:07.5Z;3,05;Accelerometro_DX;2022-02-21T18:08:47Z;3,46;Accelerometro_SX
2022-02-21T18:10:10.7Z;2,88;Accelerometro_DX;2022-02-21T18:08:47.4Z;1,02;Accelerometro_SX
2022-02-21T18:10:13.7Z;3,73;Accelerometro_DX;2022-02-21T18:08:47.8Z;2,01;Accelerometro_SX
2022-02-21T18:10:14.1Z;2,37;Accelerometro_DX;2022-02-21T18:08:48.2Z;5,45;Accelerometro_SX
2022-02-21T18:10:14.5Z;2,36;Accelerometro_DX;2022-02-21T18:08:48.6Z;6,66;Accelerometro_SX
2022-02-21T18:10:15Z;2,34;Accelerometro_DX;2022-02-21T18:08:49.1Z;3,6;Accelerometro_SX
2022-02-21T18:10:15.4Z;2,34;Accelerometro_DX;2022-02-21T18:08:49.5Z;3,08;Accelerometro_SX
2022-02-21T18:10:15.8Z;2,33;Accelerometro_DX;2022-02-21T18:08:51Z;3,27;Accelerometro_SX
2022-02-21T18:10:16.2Z;2,33;Accelerometro_DX;2022-02-21T18:08:51.4Z;4,17;Accelerometro_SX
2022-02-21T18:10:16.7Z;2,32;Accelerometro_DX;2022-02-21T18:08:54.2Z;4,19;Accelerometro_SX
2022-02-21T18:10:17.1Z;2,31;Accelerometro_DX;2022-02-21T18:08:55Z;4,9;Accelerometro_SX
2022-02-21T18:10:17.6Z;2,31;Accelerometro_DX;2022-02-21T18:08:55.4Z;2,16;Accelerometro_SX
2022-02-21T18:10:19.1Z;2,3;Accelerometro_DX;2022-02-21T18:08:55.8Z;3,06;Accelerometro_SX
2022-02-21T18:10:19.5Z;2,29;Accelerometro_DX;2022-02-21T18:08:56.2Z;8,94;Accelerometro_SX
2022-02-21T18:10:19.9Z;2,28;Accelerometro_DX;2022-02-21T18:09:05.3Z;1,38;Accelerometro_SX
2022-02-21T18:10:20.4Z;2,28;Accelerometro_DX;2022-02-21T18:09:05.7Z;2,39;Accelerometro_SX
2022-02-21T18:10:26.7Z;2,28;Accelerometro_DX;2022-02-21T18:09:06.2Z;3,67;Accelerometro_SX
2022-02-21T18:10:27.2Z;2,28;Accelerometro_DX;2022-02-21T18:09:06.6Z;4,91;Accelerometro_SX
2022-02-21T18:10:28Z;2,27;Accelerometro_DX;2022-02-21T18:09:07.1Z;5,06;Accelerometro_SX
2022-02-21T18:10:28.4Z;2,27;Accelerometro_DX;2022-02-21T18:09:07.5Z;5,3;Accelerometro_SX
2022-02-21T18:10:28.8Z;2,27;Accelerometro_DX;2022-02-21T18:09:08Z;3,76;Accelerometro_SX
2022-02-21T18:10:29.2Z;2,27;Accelerometro_DX;2022-02-21T18:09:08.4Z;3,07;Accelerometro_SX
2022-02-21T18:10:29.7Z;2,27;Accelerometro_DX;2022-02-21T18:09:08.8Z;4,57;Accelerometro_SX
2022-02-21T18:10:30.1Z;2,26;Accelerometro_DX;2022-02-21T18:09:11.7Z;1,93;Accelerometro_SX
2022-02-21T18:10:30.6Z;2,26;Accelerometro_DX;2022-02-21T18:09:12.1Z;3,11;Accelerometro_SX
2022-02-21T18:10:31.3Z;2,26;Accelerometro_DX;2022-02-21T18:09:12.5Z;2,84;Accelerometro_SX
2022-02-21T18:10:31.8Z;2,13;Accelerometro_DX;2022-02-21T18:09:15.7Z;2,63;Accelerometro_SX
2022-02-21T18:10:32.3Z;2,12;Accelerometro_DX;2022-02-21T18:09:18.7Z;2,3;Accelerometro_SX
2022-02-21T18:10:32.7Z;1,73;Accelerometro_DX;2022-02-21T18:09:21.8Z;2,38;Accelerometro_SX
2022-02-21T18:10:33.2Z;1,18;Accelerometro_DX;2022-02-21T18:09:22.2Z;2,43;Accelerometro_SX
2022-02-21T18:10:33.6Z;0,74;Accelerometro_DX;2022-02-21T18:09:22.6Z;2,43;Accelerometro_SX
2022-02-21T18:10:34.1Z;1,47;Accelerometro_DX;2022-02-21T18:09:23.3Z;2,44;Accelerometro_SX
2022-02-21T18:10:34.5Z;2,19;Accelerometro_DX;2022-02-21T18:09:23.9Z;2,45;Accelerometro_SX
2022-02-21T18:10:37.7Z;2,21;Accelerometro_DX;2022-02-21T18:09:24.3Z;2,45;Accelerometro_SX
2022-02-21T18:10:38.1Z;1,66;Accelerometro_DX;2022-02-21T18:09:30.4Z;2,45;Accelerometro_SX
2022-02-21T18:10:38.6Z;1,45;Accelerometro_DX;2022-02-21T18:09:30.9Z;3,3;Accelerometro_SX
2022-02-21T18:10:39Z;1,77;Accelerometro_DX;2022-02-21T18:09:31.3Z;3,29;Accelerometro_SX
2022-02-21T18:10:42.2Z;1,94;Accelerometro_DX;2022-02-21T18:09:31.7Z;3,31;Accelerometro_SX
2022-02-21T18:10:45.2Z;2,33;Accelerometro_DX;2022-02-21T18:09:32.2Z;3,29;Accelerometro_SX
2022-02-21T18:10:45.6Z;2,38;Accelerometro_DX;2022-02-21T18:09:32.6Z;3,3;Accelerometro_SX
2022-02-21T18:10:46Z;2,39;Accelerometro_DX;2022-02-21T18:09:33Z;3,3;Accelerometro_SX
2022-02-21T18:10:46.8Z;2,4;Accelerometro_DX;2022-02-21T18:09:33.5Z;3,29;Accelerometro_SX
2022-02-21T18:10:47.3Z;2,4;Accelerometro_DX;2022-02-21T18:09:33.9Z;3,3;Accelerometro_SX
2022-02-21T18:10:52.7Z;2,4;Accelerometro_DX;2022-02-21T18:09:34.3Z;3,31;Accelerometro_SX
2022-02-21T18:10:53.1Z;2,4;Accelerometro_DX;2022-02-21T18:09:34.7Z;3,62;Accelerometro_SX
2022-02-21T18:10:53.2Z;13,24;Accelerometro_DX;2022-02-21T18:09:35.2Z;2,62;Accelerometro_SX
2022-02-21T18:10:53.7Z;11,68;Accelerometro_DX;2022-02-21T18:09:35.9Z;3,48;Accelerometro_SX
2022-02-21T18:10:54.1Z;11,34;Accelerometro_DX;2022-02-21T18:09:36.3Z;2,48;Accelerometro_SX
2022-02-21T18:10:54.5Z;10,88;Accelerometro_DX;2022-02-21T18:09:36.8Z;3,51;Accelerometro_SX
2022-02-21T18:10:55Z;8,5;Accelerometro_DX;2022-02-21T18:09:37.5Z;3,64;Accelerometro_SX
2022-02-21T18:10:55.4Z;8,37;Accelerometro_DX;2022-02-21T18:09:37.9Z;3,05;Accelerometro_SX
2022-02-21T18:10:55.9Z;8,6;Accelerometro_DX;2022-02-21T18:09:38.3Z;2,86;Accelerometro_SX
2022-02-21T18:10:56.3Z;8,41;Accelerometro_DX;2022-02-21T18:09:38.8Z;3,13;Accelerometro_SX
2022-02-21T18:10:56.7Z;9,73;Accelerometro_DX;2022-02-21T18:09:39.2Z;4,27;Accelerometro_SX
2022-02-21T18:10:57.1Z;8;Accelerometro_DX;2022-02-21T18:09:39.6Z;1,86;Accelerometro_SX
2022-02-21T18:10:59.6Z;8,01;Accelerometro_DX;2022-02-21T18:09:45.7Z;2,02;Accelerometro_SX
2022-02-21T18:11:02.7Z;8,01;Accelerometro_DX;2022-02-21T18:09:46.2Z;3,99;Accelerometro_SX
2022-02-21T18:11:03.1Z;8;Accelerometro_DX;2022-02-21T18:09:46.6Z;2,7;Accelerometro_SX
2022-02-21T18:11:03.5Z;8;Accelerometro_DX;2022-02-21T18:09:49.7Z;2,81;Accelerometro_SX
2022-02-21T18:11:04Z;8,01;Accelerometro_DX;2022-02-21T18:09:50.2Z;2,52;Accelerometro_SX
2022-02-21T18:11:04.4Z;8,01;Accelerometro_DX;2022-02-21T18:09:50.6Z;3,73;Accelerometro_SX
2022-02-21T18:11:04.9Z;8,01;Accelerometro_DX;2022-02-21T18:09:51.1Z;2,63;Accelerometro_SX
2022-02-21T18:11:05.3Z;8,01;Accelerometro_DX;2022-02-21T18:09:51.6Z;2,52;Accelerometro_SX
2022-02-21T18:11:08.7Z;8,01;Accelerometro_DX;2022-02-21T18:09:52Z;2,58;Accelerometro_SX
2022-02-21T18:11:09.1Z;8;Accelerometro_DX;2022-02-21T18:09:55.2Z;2,56;Accelerometro_SX
2022-02-21T18:11:09.8Z;8,01;Accelerometro_DX;2022-02-21T18:09:58.7Z;2,45;Accelerometro_SX
2022-02-21T18:11:10.2Z;8,01;Accelerometro_DX;2022-02-21T18:10:02.3Z;3,08;Accelerometro_SX
2022-02-21T18:11:13.2Z;8,01;Accelerometro_DX;2022-02-21T18:10:05.3Z;3,25;Accelerometro_SX
2022-02-21T18:11:13.6Z;8;Accelerometro_DX;2022-02-21T18:10:05.7Z;1,63;Accelerometro_SX
2022-02-21T18:11:14Z;8;Accelerometro_DX;2022-02-21T18:10:06.1Z;3,04;Accelerometro_SX
2022-02-21T18:11:17.2Z;8,01;Accelerometro_DX;2022-02-21T18:10:06.5Z;3,99;Accelerometro_SX
2022-02-21T18:11:17.6Z;8,01;Accelerometro_DX;2022-02-21T18:10:08Z;2,55;Accelerometro_SX
2022-02-21T18:11:18.1Z;8;Accelerometro_DX;2022-02-21T18:10:08.4Z;2,87;Accelerometro_SX
2022-02-21T18:11:18.6Z;8,01;Accelerometro_DX;2022-02-21T18:10:08.9Z;2,1;Accelerometro_SX
2022-02-21T18:11:19Z;8;Accelerometro_DX;2022-02-21T18:10:09.3Z;2,61;Accelerometro_SX
2022-02-21T18:11:19.5Z;8;Accelerometro_DX;2022-02-21T18:10:09.7Z;3,62;Accelerometro_SX
2022-02-21T18:11:19.9Z;8,01;Accelerometro_DX;2022-02-21T18:10:10.2Z;2,63;Accelerometro_SX
2022-02-21T18:11:20.3Z;8;Accelerometro_DX;2022-02-21T18:10:10.6Z;1,16;Accelerometro_SX
2022-02-21T18:11:20.8Z;8,01;Accelerometro_DX;2022-02-21T18:10:11Z;2,17;Accelerometro_SX
2022-02-21T18:11:21.2Z;8,01;Accelerometro_DX;2022-02-21T18:10:11.4Z;2,13;Accelerometro_SX
2022-02-21T18:11:21.6Z;8;Accelerometro_DX;2022-02-21T18:10:11.9Z;2,35;Accelerometro_SX
2022-02-21T18:11:22.1Z;8,01;Accelerometro_DX;2022-02-21T18:10:15.3Z;3,18;Accelerometro_SX
2022-02-21T18:11:22.5Z;8,01;Accelerometro_DX;2022-02-21T18:10:18.3Z;3,26;Accelerometro_SX
2022-02-21T18:11:22.9Z;8,01;Accelerometro_DX;2022-02-21T18:10:18.7Z;3,31;Accelerometro_SX
2022-02-21T18:11:23.4Z;8;Accelerometro_DX;2022-02-21T18:10:19.2Z;3,32;Accelerometro_SX
2022-02-21T18:11:26.7Z;8,01;Accelerometro_DX;2022-02-21T18:10:19.6Z;3,32;Accelerometro_SX
2022-02-21T18:11:27.1Z;7,89;Accelerometro_DX;2022-02-21T18:10:20Z;3,33;Accelerometro_SX
2022-02-21T18:11:27.6Z;8,02;Accelerometro_DX;2022-02-21T18:10:20.5Z;3,33;Accelerometro_SX
2022-02-21T18:11:28Z;8,03;Accelerometro_DX;2022-02-21T18:10:31.5Z;3,33;Accelerometro_SX
2022-02-21T18:11:28.4Z;8,06;Accelerometro_DX;2022-02-21T18:10:31.6Z;2,22;Accelerometro_SX
2022-02-21T18:11:28.9Z;8;Accelerometro_DX;2022-02-21T18:10:31.7Z;8,93;Accelerometro_SX
2022-02-21T18:11:29.3Z;8,02;Accelerometro_DX;2022-02-21T18:10:32.1Z;19,88;Accelerometro_SX
2022-02-21T18:11:29.7Z;8,03;Accelerometro_DX;2022-02-21T18:14:33.7Z;0,02;Accelerometro_SX
2022-02-21T18:11:35.5Z;8;Accelerometro_DX;2022-02-21T18:14:34.2Z;0,02;Accelerometro_SX
2022-02-21T18:11:35.6Z;8,02;Accelerometro_DX;2022-02-21T18:14:34.6Z;0,03;Accelerometro_SX
2022-02-21T18:11:36.1Z;8,03;Accelerometro_DX;2022-02-21T18:14:35Z;0,02;Accelerometro_SX
2022-02-21T18:11:36.5Z;7,94;Accelerometro_DX;2022-02-21T18:14:35.4Z;0,01;Accelerometro_SX
2022-02-21T18:11:37Z;7,99;Accelerometro_DX;2022-02-21T18:14:35.9Z;0,03;Accelerometro_SX
2022-02-21T18:11:37.4Z;8,06;Accelerometro_DX;2022-02-21T18:14:36.3Z;0,03;Accelerometro_SX
2022-02-21T18:11:37.8Z;8,05;Accelerometro_DX;2022-02-21T18:14:36.7Z;0,03;Accelerometro_SX
2022-02-21T18:11:38.2Z;8,07;Accelerometro_DX;2022-02-21T18:14:37.2Z;0,02;Accelerometro_SX
2022-02-21T18:11:38.6Z;8;Accelerometro_DX;2022-02-21T18:14:37.6Z;0,01;Accelerometro_SX
2022-02-21T18:11:38.7Z;8,04;Accelerometro_DX;2022-02-21T18:14:38Z;0,02;Accelerometro_SX
2022-02-21T18:11:39.2Z;8,05;Accelerometro_DX;2022-02-21T18:14:38.5Z;0,02;Accelerometro_SX
2022-02-21T18:11:39.6Z;8,06;Accelerometro_DX;2022-02-21T18:14:39.1Z;0,02;Accelerometro_SX
2022-02-21T18:11:42.7Z;8,04;Accelerometro_DX;2022-02-21T18:14:39.5Z;0,02;Accelerometro_SX
2022-02-21T18:11:45.7Z;8,06;Accelerometro_DX;2022-02-21T18:14:49.5Z;0,04;Accelerometro_SX
2022-02-21T18:11:46.2Z;15,9;Accelerometro_DX;2022-02-21T18:14:50.5Z;4,18;Accelerometro_SX
2022-02-21T18:11:46.6Z;15,96;Accelerometro_DX;2022-02-21T18:14:54Z;2,5;Accelerometro_SX
2022-02-21T18:14:58Z;0,09;Accelerometro_DX;2022-02-21T18:14:54.4Z;5,1;Accelerometro_SX
2022-02-21T18:14:58.4Z;0,26;Accelerometro_DX;2022-02-21T18:14:54.8Z;5,07;Accelerometro_SX
2022-02-21T18:15:04.2Z;0,34;Accelerometro_DX;2022-02-21T18:14:55.2Z;5,08;Accelerometro_SX
2022-02-21T18:15:04.4Z;4,09;Accelerometro_DX;2022-02-21T18:14:58.5Z;5,08;Accelerometro_SX
2022-02-21T18:15:07.4Z;0,34;Accelerometro_DX;2022-02-21T18:14:58.9Z;5,08;Accelerometro_SX
2022-02-21T18:15:08Z;4,07;Accelerometro_DX;2022-02-21T18:14:59.4Z;5,08;Accelerometro_SX
2022-02-21T18:15:08.4Z;3,84;Accelerometro_DX;2022-02-21T18:14:59.8Z;5,08;Accelerometro_SX
2022-02-21T18:15:08.9Z;3,89;Accelerometro_DX;2022-02-21T18:15:03.2Z;5,08;Accelerometro_SX
2022-02-21T18:15:09.3Z;3,9;Accelerometro_DX;2022-02-21T18:15:03.7Z;5,08;Accelerometro_SX
2022-02-21T18:15:09.7Z;3,88;Accelerometro_DX;2022-02-21T18:15:04.1Z;5,08;Accelerometro_SX
2022-02-21T18:15:10.2Z;3,88;Accelerometro_DX;2022-02-21T18:15:09.9Z;5,08;Accelerometro_SX
2022-02-21T18:15:12.9Z;3,9;Accelerometro_DX;2022-02-21T18:15:10.4Z;5,08;Accelerometro_SX
2022-02-21T18:15:13.5Z;3,88;Accelerometro_DX;2022-02-21T18:15:11.1Z;5,07;Accelerometro_SX
2022-02-21T18:15:14Z;3,87;Accelerometro_DX;2022-02-21T18:15:11.5Z;5,08;Accelerometro_SX
2022-02-21T18:15:14.4Z;3,82;Accelerometro_DX;2022-02-21T18:15:11.9Z;5,08;Accelerometro_SX
2022-02-21T18:15:14.8Z;3,82;Accelerometro_DX;2022-02-21T18:15:12.3Z;5,08;Accelerometro_SX
2022-02-21T18:15:15.3Z;3,82;Accelerometro_DX;2022-02-21T18:15:12.8Z;5,08;Accelerometro_SX
2022-02-21T18:15:15.7Z;3,84;Accelerometro_DX;2022-02-21T18:15:13.3Z;5,08;Accelerometro_SX
2022-02-21T18:15:16.1Z;3,84;Accelerometro_DX;2022-02-21T18:15:13.7Z;5,08;Accelerometro_SX
2022-02-21T18:15:16.5Z;3,88;Accelerometro_DX;2022-02-21T18:15:14.1Z;5,08;Accelerometro_SX
2022-02-21T18:15:17Z;3,98;Accelerometro_DX;2022-02-21T18:15:14.5Z;5,08;Accelerometro_SX
2022-02-21T18:15:17.4Z;4,11;Accelerometro_DX;2022-02-21T18:15:17.5Z;5,08;Accelerometro_SX
2022-02-21T18:15:17.8Z;4,21;Accelerometro_DX;2022-02-21T18:15:17.9Z;5,08;Accelerometro_SX
2022-02-21T18:15:21Z;4,25;Accelerometro_DX;2022-02-21T18:15:18.3Z;5,07;Accelerometro_SX
2022-02-21T18:15:21.4Z;4,26;Accelerometro_DX;2022-02-21T18:15:18.7Z;5,07;Accelerometro_SX
2022-02-21T18:15:21.8Z;4,26;Accelerometro_DX;2022-02-21T18:15:19.1Z;5,08;Accelerometro_SX
2022-02-21T18:15:22.2Z;4,26;Accelerometro_DX;2022-02-21T18:15:19.6Z;5,08;Accelerometro_SX
2022-02-21T18:15:25.5Z;4,26;Accelerometro_DX;2022-02-21T18:15:20Z;5,08;Accelerometro_SX
2022-02-21T18:15:28.5Z;4,26;Accelerometro_DX;2022-02-21T18:15:20.4Z;5,08;Accelerometro_SX
2022-02-21T18:15:31.5Z;4,26;Accelerometro_DX;2022-02-21T18:15:20.8Z;5,08;Accelerometro_SX
2022-02-21T18:15:31.9Z;4,26;Accelerometro_DX;2022-02-21T18:15:21.3Z;5,08;Accelerometro_SX
2022-02-21T18:15:32.3Z;4,26;Accelerometro_DX;2022-02-21T18:15:21.7Z;5,07;Accelerometro_SX
2022-02-21T18:15:32.7Z;4,27;Accelerometro_DX;2022-02-21T18:15:22.1Z;5,08;Accelerometro_SX
2022-02-21T18:15:33.2Z;4,27;Accelerometro_DX;2022-02-21T18:15:22.5Z;5,08;Accelerometro_SX
2022-02-21T18:15:33.6Z;4,27;Accelerometro_DX;2022-02-21T18:15:22.9Z;5,08;Accelerometro_SX
2022-02-21T18:15:34Z;4,26;Accelerometro_DX;2022-02-21T18:15:23.4Z;5,08;Accelerometro_SX
2022-02-21T18:15:34.5Z;4,26;Accelerometro_DX;2022-02-21T18:15:23.8Z;5,08;Accelerometro_SX
2022-02-21T18:15:34.9Z;4,27;Accelerometro_DX;2022-02-21T18:15:24.2Z;5,08;Accelerometro_SX
2022-02-21T18:15:35.3Z;4,26;Accelerometro_DX;2022-02-21T18:15:24.7Z;5,08;Accelerometro_SX
2022-02-21T18:15:35.8Z;4,27;Accelerometro_DX;2022-02-21T18:15:25.1Z;5,08;Accelerometro_SX
2022-02-21T18:15:45Z;4,26;Accelerometro_DX;2022-02-21T18:15:25.6Z;5,08;Accelerometro_SX
2022-02-21T18:15:45.5Z;4,38;Accelerometro_DX;2022-02-21T18:15:26Z;5,08;Accelerometro_SX
2022-02-21T18:15:46.2Z;4,36;Accelerometro_DX;2022-02-21T18:15:26.4Z;5,08;Accelerometro_SX
2022-02-21T18:15:46.7Z;3,98;Accelerometro_DX;2022-02-21T18:15:26.8Z;5,08;Accelerometro_SX
2022-02-21T18:15:47.1Z;4,1;Accelerometro_DX;2022-02-21T18:15:27.2Z;5,08;Accelerometro_SX
2022-02-21T18:15:47.7Z;4,67;Accelerometro_DX;2022-02-21T18:15:30.5Z;5,08;Accelerometro_SX
2022-02-21T18:15:48.1Z;4,85;Accelerometro_DX;2022-02-21T18:15:30.9Z;5,08;Accelerometro_SX
2022-02-21T18:15:48.5Z;5,69;Accelerometro_DX;2022-02-21T18:15:31.3Z;5,08;Accelerometro_SX
2022-02-21T18:15:49Z;4,65;Accelerometro_DX;2022-02-21T18:15:32.1Z;5,08;Accelerometro_SX
2022-02-21T18:15:49.4Z;5,25;Accelerometro_DX;2022-02-21T18:15:32.6Z;5,08;Accelerometro_SX
2022-02-21T18:15:49.9Z;5,51;Accelerometro_DX;2022-02-21T18:15:33Z;5,07;Accelerometro_SX
2022-02-21T18:15:53Z;6,02;Accelerometro_DX;2022-02-21T18:15:33.4Z;5,08;Accelerometro_SX
2022-02-21T18:15:56Z;5,6;Accelerometro_DX;2022-02-21T18:15:33.9Z;5,08;Accelerometro_SX
2022-02-21T18:15:56.4Z;5,49;Accelerometro_DX;2022-02-21T18:15:34.3Z;5,08;Accelerometro_SX
2022-02-21T18:15:59.5Z;4,78;Accelerometro_DX;2022-02-21T18:15:34.7Z;5,08;Accelerometro_SX
2022-02-21T18:15:59.9Z;5,66;Accelerometro_DX;2022-02-21T18:15:35.1Z;5,08;Accelerometro_SX
2022-02-21T18:16:01.5Z;5,85;Accelerometro_DX;2022-02-21T18:15:44.5Z;5,08;Accelerometro_SX
2022-02-21T18:16:02Z;5,33;Accelerometro_DX;2022-02-21T18:15:46.5Z;5,08;Accelerometro_SX
2022-02-21T18:16:02.4Z;4,79;Accelerometro_DX;2022-02-21T18:15:46.6Z;5,12;Accelerometro_SX
2022-02-21T18:16:02.8Z;4,62;Accelerometro_DX;2022-02-21T18:15:47Z;4,9;Accelerometro_SX
2022-02-21T18:16:06Z;5,19;Accelerometro_DX;2022-02-21T18:15:47.5Z;5,2;Accelerometro_SX
2022-02-21T18:16:09Z;4,09;Accelerometro_DX;2022-02-21T18:15:48.1Z;5,39;Accelerometro_SX
2022-02-21T18:16:12Z;4,82;Accelerometro_DX;2022-02-21T18:15:48.5Z;5,66;Accelerometro_SX
2022-02-21T18:16:12.5Z;4,77;Accelerometro_DX;2022-02-21T18:15:49Z;4,62;Accelerometro_SX
2022-02-21T18:16:13.2Z;4,71;Accelerometro_DX;2022-02-21T18:15:49.4Z;5,14;Accelerometro_SX
2022-02-21T18:16:13.7Z;4,76;Accelerometro_DX;2022-02-21T18:15:49.9Z;5,91;Accelerometro_SX
2022-02-21T18:16:14.1Z;4,14;Accelerometro_DX;2022-02-21T18:15:50.3Z;6,61;Accelerometro_SX
2022-02-21T18:16:20.9Z;5,4;Accelerometro_DX;2022-02-21T18:15:50.8Z;5,51;Accelerometro_SX
2022-02-21T18:16:21Z;5;Accelerometro_DX;2022-02-21T18:15:54.5Z;6,63;Accelerometro_SX
2022-02-21T18:16:21.5Z;5,18;Accelerometro_DX;2022-02-21T18:15:57.5Z;6;Accelerometro_SX
2022-02-21T18:16:24.5Z;5635;Accelerometro_DX;2022-02-21T18:15:57.9Z;5,94;Accelerometro_SX
2022-02-21T18:16:24.9Z;3,43;Accelerometro_DX;2022-02-21T18:15:58.6Z;6,41;Accelerometro_SX
2022-02-21T18:16:25.3Z;3,48;Accelerometro_DX;2022-02-21T18:16:00.2Z;5,56;Accelerometro_SX
2022-02-21T18:16:25.8Z;4,05;Accelerometro_DX;2022-02-21T18:16:00.6Z;4,33;Accelerometro_SX
2022-02-21T18:16:26.2Z;3,84;Accelerometro_DX;2022-02-21T18:16:01Z;6,55;Accelerometro_SX
2022-02-21T18:16:26.6Z;3,92;Accelerometro_DX;2022-02-21T18:16:01.5Z;5,18;Accelerometro_SX
2022-02-21T18:16:27Z;4,11;Accelerometro_DX;2022-02-21T18:16:01.9Z;6,86;Accelerometro_SX
2022-02-21T18:16:27.8Z;4,23;Accelerometro_DX;2022-02-21T18:16:02.7Z;6,17;Accelerometro_SX
2022-02-21T18:16:30.5Z;4,12;Accelerometro_DX;2022-02-21T18:16:03.1Z;6,18;Accelerometro_SX
2022-02-21T18:16:33.5Z;4,08;Accelerometro_DX;2022-02-21T18:16:03.7Z;5,61;Accelerometro_SX
2022-02-21T18:16:33.9Z;4,04;Accelerometro_DX;2022-02-21T18:16:04.2Z;5,58;Accelerometro_SX
2022-02-21T18:16:34.3Z;4,05;Accelerometro_DX;2022-02-21T18:16:04.6Z;4,9;Accelerometro_SX
2022-02-21T18:16:34.7Z;4,03;Accelerometro_DX;2022-02-21T18:16:05Z;5,31;Accelerometro_SX
2022-02-21T18:16:35.2Z;4,02;Accelerometro_DX;2022-02-21T18:16:06.7Z;5,52;Accelerometro_SX
2022-02-21T18:16:35.6Z;4,03;Accelerometro_DX;2022-02-21T18:16:07.2Z;6,22;Accelerometro_SX
2022-02-21T18:16:36Z;4,04;Accelerometro_DX;2022-02-21T18:16:07.6Z;6,88;Accelerometro_SX
2022-02-21T18:16:36.5Z;4,05;Accelerometro_DX;2022-02-21T18:16:08Z;6,35;Accelerometro_SX
2022-02-21T18:16:36.9Z;4,05;Accelerometro_DX;2022-02-21T18:16:11.2Z;6,83;Accelerometro_SX
2022-02-21T18:16:37.3Z;4,04;Accelerometro_DX;2022-02-21T18:16:11.6Z;5,94;Accelerometro_SX
2022-02-21T18:16:42.7Z;4,04;Accelerometro_DX;2022-02-21T18:16:12.1Z;5,78;Accelerometro_SX
2022-02-21T18:16:43.2Z;4,04;Accelerometro_DX;2022-02-21T18:16:12.6Z;5,69;Accelerometro_SX
2022-02-21T18:16:46Z;2,94;Accelerometro_DX;2022-02-21T18:16:13Z;6,26;Accelerometro_SX
2022-02-21T18:16:46.4Z;2,96;Accelerometro_DX;2022-02-21T18:16:13.4Z;5,77;Accelerometro_SX
2022-02-21T18:16:49.5Z;3,08;Accelerometro_DX;2022-02-21T18:16:13.9Z;4,86;Accelerometro_SX
2022-02-21T18:16:49.9Z;4,32;Accelerometro_DX;2022-02-21T18:16:14.3Z;5,96;Accelerometro_SX
2022-02-21T18:16:50.3Z;4,16;Accelerometro_DX;2022-02-21T18:16:14.7Z;6,16;Accelerometro_SX
2022-02-21T18:16:53.5Z;4;Accelerometro_DX;2022-02-21T18:16:15.1Z;5,91;Accelerometro_SX
2022-02-21T18:16:55.1Z;0,05;Accelerometro_DX;2022-02-21T18:16:15.6Z;6,54;Accelerometro_SX
2022-02-21T18:16:55.5Z;1,7;Accelerometro_DX;2022-02-21T18:16:16Z;5,35;Accelerometro_SX
2022-02-21T18:16:55.9Z;2,39;Accelerometro_DX;2022-02-21T18:16:16.4Z;5,53;Accelerometro_SX
2022-02-21T18:16:56.4Z;2,52;Accelerometro_DX;2022-02-21T18:16:22.3Z;5,62;Accelerometro_SX
2022-02-21T18:16:56.8Z;2,02;Accelerometro_DX;2022-02-21T18:16:22.4Z;5,48;Accelerometro_SX
2022-02-21T18:16:57.2Z;1,31;Accelerometro_DX;2022-02-21T18:16:25.5Z;5,62;Accelerometro_SX
2022-02-21T18:16:57.7Z;0,68;Accelerometro_DX;2022-02-21T18:16:26.5Z;5,25;Accelerometro_SX
2022-02-21T18:16:58.2Z;0,64;Accelerometro_DX;2022-02-21T18:16:26.9Z;5,59;Accelerometro_SX
2022-02-21T18:17:01.6Z;0,95;Accelerometro_DX;2022-02-21T18:16:27.4Z;5,79;Accelerometro_SX
2022-02-21T18:17:02.9Z;1,74;Accelerometro_DX;2022-02-21T18:16:27.8Z;5,98;Accelerometro_SX
2022-02-21T18:17:03.5Z;1,76;Accelerometro_DX;2022-02-21T18:16:31Z;6,2;Accelerometro_SX
2022-02-21T18:17:09.2Z;1,57;Accelerometro_DX;2022-02-21T18:16:31.4Z;2,63;Accelerometro_SX
2022-02-21T18:17:09.6Z;1,57;Accelerometro_DX;2022-02-21T18:16:34.5Z;2,13;Accelerometro_SX
2022-02-21T18:17:12.5Z;1,52;Accelerometro_DX;2022-02-21T18:16:35.1Z;0,25;Accelerometro_SX
2022-02-21T18:17:18.8Z;1,5;Accelerometro_DX;2022-02-21T18:16:38.5Z;1,06;Accelerometro_SX
2022-02-21T18:17:22.1Z;0,8;Accelerometro_DX;2022-02-21T18:16:41.5Z;6,58;Accelerometro_SX
2022-02-21T18:17:23.9Z;1,71;Accelerometro_DX;2022-02-21T18:16:42Z;3,51;Accelerometro_SX
2022-02-21T18:17:24.5Z;1,3;Accelerometro_DX;2022-02-21T18:16:42.4Z;4,27;Accelerometro_SX
2022-02-21T18:17:24.9Z;1,38;Accelerometro_DX;2022-02-21T18:16:43.3Z;4,94;Accelerometro_SX
2022-02-21T18:17:28Z;1,85;Accelerometro_DX;2022-02-21T18:16:44.9Z;6,41;Accelerometro_SX
2022-02-21T18:17:31.3Z;1,44;Accelerometro_DX;2022-02-21T18:16:45.3Z;6,11;Accelerometro_SX
2022-02-21T18:17:31.7Z;1,05;Accelerometro_DX;2022-02-21T18:16:45.7Z;5,84;Accelerometro_SX
2022-02-21T18:17:32.7Z;2,33;Accelerometro_DX;2022-02-21T18:16:49Z;5,56;Accelerometro_SX
2022-02-21T18:17:33.7Z;1,39;Accelerometro_DX;2022-02-21T18:16:49.4Z;5,93;Accelerometro_SX
2022-02-21T18:17:37Z;1,37;Accelerometro_DX;2022-02-21T18:16:50Z;5,91;Accelerometro_SX
2022-02-21T18:17:37.4Z;1,38;Accelerometro_DX;2022-02-21T18:16:50.4Z;5,92;Accelerometro_SX
2022-02-21T18:17:37.9Z;1,41;Accelerometro_DX;2022-02-21T18:16:54Z;5,92;Accelerometro_SX
2022-02-21T18:17:43.3Z;1,06;Accelerometro_DX;2022-02-21T18:16:54.4Z;5,08;Accelerometro_SX
2022-02-21T18:17:43.7Z;1,06;Accelerometro_DX;2022-02-21T18:16:54.9Z;4,64;Accelerometro_SX
2022-02-21T18:17:43.9Z;1,37;Accelerometro_DX;2022-02-21T18:16:56.4Z;3,42;Accelerometro_SX
2022-02-21T18:17:44.3Z;1,41;Accelerometro_DX;2022-02-21T18:16:56.9Z;7,62;Accelerometro_SX
2022-02-21T18:17:44.7Z;1,59;Accelerometro_DX;2022-02-21T18:17:00Z;9,02;Accelerometro_SX
2022-02-21T18:17:49.1Z;1,64;Accelerometro_DX;2022-02-21T18:17:00.4Z;7,63;Accelerometro_SX
2022-02-21T18:17:49.5Z;1,79;Accelerometro_DX;2022-02-21T18:17:00.9Z;3,44;Accelerometro_SX
2022-02-21T18:17:50Z;1,18;Accelerometro_DX;2022-02-21T18:17:04Z;2,24;Accelerometro_SX
2022-02-21T18:17:51.5Z;2,06;Accelerometro_DX;2022-02-21T18:17:07Z;1,67;Accelerometro_SX
2022-02-21T18:17:52Z;2,11;Accelerometro_DX;2022-02-21T18:17:07.7Z;2,28;Accelerometro_SX
2022-02-21T18:17:52.4Z;2,08;Accelerometro_DX;2022-02-21T18:17:08.1Z;1,42;Accelerometro_SX
2022-02-21T18:17:52.8Z;1,76;Accelerometro_DX;2022-02-21T18:17:08.5Z;0,62;Accelerometro_SX
2022-02-21T18:17:53.3Z;1,06;Accelerometro_DX;2022-02-21T18:17:09Z;0,13;Accelerometro_SX
2022-02-21T18:17:53.7Z;1,31;Accelerometro_DX;2022-02-21T18:17:09.5Z;0,28;Accelerometro_SX
2022-02-21T18:17:57Z;0,8;Accelerometro_DX;2022-02-21T18:17:10.1Z;0,79;Accelerometro_SX
2022-02-21T18:17:57.4Z;1,04;Accelerometro_DX;2022-02-21T18:17:10.9Z;1,34;Accelerometro_SX
2022-02-21T18:17:57.8Z;0,9;Accelerometro_DX;2022-02-21T18:17:11.3Z;1,16;Accelerometro_SX
2022-02-21T18:17:58.3Z;0,91;Accelerometro_DX;2022-02-21T18:17:12.1Z;0,94;Accelerometro_SX
2022-02-21T18:17:58.7Z;1,3;Accelerometro_DX;2022-02-21T18:17:12.5Z;0,79;Accelerometro_SX
2022-02-21T18:17:59.1Z;1,53;Accelerometro_DX;2022-02-21T18:17:13.6Z;0,87;Accelerometro_SX
2022-02-21T18:17:59.5Z;1,69;Accelerometro_DX;2022-02-21T18:17:17.5Z;0,87;Accelerometro_SX
2022-02-21T18:18:02.5Z;1,78;Accelerometro_DX;2022-02-21T18:17:18Z;0,93;Accelerometro_SX
2022-02-21T18:18:03.2Z;2,18;Accelerometro_DX;2022-02-21T18:17:18.7Z;1,47;Accelerometro_SX
2022-02-21T18:18:03.7Z;1,77;Accelerometro_DX;2022-02-21T18:17:22.2Z;0,28;Accelerometro_SX
2022-02-21T18:18:04.1Z;0,87;Accelerometro_DX;2022-02-21T18:17:24.4Z;0,91;Accelerometro_SX
2022-02-21T18:18:04.9Z;0,14;Accelerometro_DX;2022-02-21T18:17:24.8Z;0,98;Accelerometro_SX
2022-02-21T18:18:05.6Z;0,64;Accelerometro_DX;2022-02-21T18:17:25.3Z;1,59;Accelerometro_SX
2022-02-21T18:18:06Z;1,25;Accelerometro_DX;2022-02-21T18:17:25.7Z;1,36;Accelerometro_SX
2022-02-21T18:18:06.6Z;1,78;Accelerometro_DX;2022-02-21T18:17:26.1Z;2,72;Accelerometro_SX
2022-02-21T18:18:07Z;1,68;Accelerometro_DX;2022-02-21T18:17:26.6Z;1,14;Accelerometro_SX
2022-02-21T18:18:07.5Z;1,28;Accelerometro_DX;2022-02-21T18:17:27Z;0,91;Accelerometro_SX
2022-02-21T18:18:08.3Z;1,08;Accelerometro_DX;2022-02-21T18:17:32.9Z;0,93;Accelerometro_SX
2022-02-21T18:18:08.7Z;1,24;Accelerometro_DX;2022-02-21T18:17:33.1Z;1,74;Accelerometro_SX
2022-02-21T18:18:09.1Z;1,46;Accelerometro_DX;2022-02-21T18:17:36.5Z;0,93;Accelerometro_SX
2022-02-21T18:18:09.6Z;1,58;Accelerometro_DX;2022-02-21T18:17:39Z;0,79;Accelerometro_SX
2022-02-21T18:18:10Z;1,56;Accelerometro_DX;2022-02-21T18:17:39.8Z;1,25;Accelerometro_SX
2022-02-21T18:18:10.4Z;1,36;Accelerometro_DX;2022-02-21T18:17:40.2Z;1,61;Accelerometro_SX
2022-02-21T18:18:13.5Z;1,16;Accelerometro_DX;2022-02-21T18:17:40.6Z;0,7;Accelerometro_SX
2022-02-21T18:18:13.9Z;1,09;Accelerometro_DX;2022-02-21T18:17:41Z;0,43;Accelerometro_SX
2022-02-21T18:18:14.3Z;1,11;Accelerometro_DX;2022-02-21T18:17:41.5Z;0,7;Accelerometro_SX
2022-02-21T18:18:17.5Z;1,09;Accelerometro_DX;2022-02-21T18:17:41.9Z;0,82;Accelerometro_SX
2022-02-21T18:18:18Z;1,09;Accelerometro_DX;2022-02-21T18:17:42.3Z;1,32;Accelerometro_SX
2022-02-21T18:18:18.4Z;1,09;Accelerometro_DX;2022-02-21T18:17:42.8Z;1,81;Accelerometro_SX
2022-02-21T18:18:18.8Z;1,05;Accelerometro_DX;2022-02-21T18:17:43.2Z;1,64;Accelerometro_SX
2022-02-21T18:18:19.2Z;0,99;Accelerometro_DX;2022-02-21T18:17:43.6Z;1,39;Accelerometro_SX
2022-02-21T18:18:19.7Z;1,04;Accelerometro_DX;2022-02-21T18:17:44.1Z;0,88;Accelerometro_SX
2022-02-21T18:18:23Z;1,17;Accelerometro_DX;2022-02-21T18:17:44.5Z;0,55;Accelerometro_SX
2022-02-21T18:18:26Z;1,18;Accelerometro_DX;2022-02-21T18:17:44.9Z;0,41;Accelerometro_SX
2022-02-21T18:18:26.4Z;1,01;Accelerometro_DX;2022-02-21T18:17:45.6Z;0,91;Accelerometro_SX
2022-02-21T18:18:26.9Z;1;Accelerometro_DX;2022-02-21T18:17:46.5Z;1,72;Accelerometro_SX
2022-02-21T18:18:27.3Z;1,08;Accelerometro_DX;2022-02-21T18:17:49.5Z;1,46;Accelerometro_SX
2022-02-21T18:18:27.7Z;1,01;Accelerometro_DX;2022-02-21T18:17:49.9Z;1,54;Accelerometro_SX
2022-02-21T18:18:28.1Z;1,06;Accelerometro_DX;2022-02-21T18:17:50.4Z;1,84;Accelerometro_SX
2022-02-21T18:18:28.6Z;1,06;Accelerometro_DX;2022-02-21T18:17:50.8Z;0,42;Accelerometro_SX
2022-02-21T18:18:29.1Z;1,04;Accelerometro_DX;2022-02-21T18:17:51.2Z;0,55;Accelerometro_SX
2022-02-21T18:18:29.5Z;1,06;Accelerometro_DX;2022-02-21T18:17:51.7Z;0,71;Accelerometro_SX
2022-02-21T18:18:29.9Z;1,06;Accelerometro_DX;2022-02-21T18:17:52.1Z;1,36;Accelerometro_SX
2022-02-21T18:18:30.3Z;1,09;Accelerometro_DX;2022-02-21T18:17:52.5Z;1,72;Accelerometro_SX
2022-02-21T18:18:30.8Z;1,05;Accelerometro_DX;2022-02-21T18:17:53.3Z;1,13;Accelerometro_SX
2022-02-21T18:18:31.2Z;1,07;Accelerometro_DX;2022-02-21T18:17:53.7Z;1,55;Accelerometro_SX
2022-02-21T18:18:31.7Z;1,05;Accelerometro_DX;2022-02-21T18:17:54.2Z;0,58;Accelerometro_SX
2022-02-21T18:18:33.2Z;1,05;Accelerometro_DX;2022-02-21T18:17:54.6Z;0,68;Accelerometro_SX
2022-02-21T18:18:33.6Z;1,05;Accelerometro_DX;2022-02-21T18:17:57.5Z;0,91;Accelerometro_SX
2022-02-21T18:18:34Z;1,05;Accelerometro_DX;2022-02-21T18:17:57.9Z;0,28;Accelerometro_SX
2022-02-21T18:18:34.5Z;1,04;Accelerometro_DX;2022-02-21T18:17:58.4Z;0,56;Accelerometro_SX
2022-02-21T18:18:35Z;1,06;Accelerometro_DX;2022-02-21T18:17:58.8Z;0,78;Accelerometro_SX
2022-02-21T18:18:38.5Z;1,05;Accelerometro_DX;2022-02-21T18:17:59.2Z;1,05;Accelerometro_SX
2022-02-21T18:18:38.9Z;1,05;Accelerometro_DX;2022-02-21T18:17:59.6Z;1,46;Accelerometro_SX
2022-02-21T18:18:42.5Z;1,05;Accelerometro_DX;2022-02-21T18:18:00.3Z;1,84;Accelerometro_SX
2022-02-21T18:18:46Z;1,05;Accelerometro_DX;2022-02-21T18:18:00.7Z;1,13;Accelerometro_SX
2022-02-21T18:18:47Z;1,02;Accelerometro_DX;2022-02-21T18:18:01.2Z;1,8;Accelerometro_SX
2022-02-21T18:18:47.7Z;1,02;Accelerometro_DX;2022-02-21T18:18:01.6Z;0,58;Accelerometro_SX
2022-02-21T18:18:55.2Z;1,22;Accelerometro_DX;2022-02-21T18:18:02.4Z;1,49;Accelerometro_SX
2022-02-21T18:18:55.8Z;2,47;Accelerometro_DX;2022-02-21T18:18:02.9Z;1,96;Accelerometro_SX
2022-02-21T18:18:56.2Z;1,78;Accelerometro_DX;2022-02-21T18:18:06Z;1,36;Accelerometro_SX
2022-02-21T18:19:03Z;8,59;Accelerometro_DX;2022-02-21T18:18:06.5Z;1,56;Accelerometro_SX
2022-02-21T18:19:05.5Z;8,59;Accelerometro_DX;2022-02-21T18:18:06.9Z;1,43;Accelerometro_SX
2022-02-21T18:19:05.6Z;13,22;Accelerometro_DX;2022-02-21T18:18:07.3Z;1,13;Accelerometro_SX
2022-02-21T18:19:06Z;8,06;Accelerometro_DX;2022-02-21T18:18:07.8Z;0,92;Accelerometro_SX
2022-02-21T18:19:06.5Z;2,18;Accelerometro_DX;2022-02-21T18:18:08.2Z;0,92;Accelerometro_SX
2022-02-21T18:19:09.5Z;3,83;Accelerometro_DX;2022-02-21T18:18:11.5Z;1,06;Accelerometro_SX
2022-02-21T18:19:10.3Z;3,46;Accelerometro_DX;2022-02-21T18:18:11.9Z;2,11;Accelerometro_SX
2022-02-21T18:19:10.8Z;2,81;Accelerometro_DX;2022-02-21T18:18:12.4Z;3,26;Accelerometro_SX
2022-02-21T18:19:11.2Z;2,55;Accelerometro_DX;2022-02-21T18:18:12.8Z;3;Accelerometro_SX
2022-02-21T18:19:11.6Z;3,33;Accelerometro_DX;2022-02-21T18:18:13.2Z;7,13;Accelerometro_SX
2022-02-21T18:19:12Z;4,56;Accelerometro_DX;2022-02-21T18:18:13.7Z;8,14;Accelerometro_SX
2022-02-21T18:19:12.5Z;5,66;Accelerometro_DX;2022-02-21T18:18:14.1Z;9,84;Accelerometro_SX
2022-02-21T18:19:12.9Z;4,99;Accelerometro_DX;2022-02-21T18:18:14.6Z;10,86;Accelerometro_SX
2022-02-21T18:19:19Z;4,72;Accelerometro_DX;2022-02-21T18:18:15Z;10,63;Accelerometro_SX
2022-02-21T18:19:19.5Z;5,29;Accelerometro_DX;2022-02-21T18:18:15.4Z;10,5;Accelerometro_SX
2022-02-21T18:19:23Z;5,42;Accelerometro_DX;2022-02-21T18:18:15.8Z;10,71;Accelerometro_SX
2022-02-21T18:19:23.4Z;4,58;Accelerometro_DX;2022-02-21T18:18:16.3Z;10,5;Accelerometro_SX
2022-02-21T18:19:23.8Z;4,62;Accelerometro_DX;2022-02-21T18:18:16.7Z;10,03;Accelerometro_SX
2022-02-21T18:19:24.2Z;4,69;Accelerometro_DX;2022-02-21T18:18:20Z;9,95;Accelerometro_SX
2022-02-21T18:19:24.7Z;4,85;Accelerometro_DX;2022-02-21T18:18:25.8Z;7,37;Accelerometro_SX
2022-02-21T18:19:28Z;5,03;Accelerometro_DX;2022-02-21T18:18:26.1Z;7,37;Accelerometro_SX
2022-02-21T18:19:28.5Z;4,93;Accelerometro_DX;2022-02-21T18:18:26.3Z;6,65;Accelerometro_SX
2022-02-21T18:19:28.9Z;5;Accelerometro_DX;2022-02-21T18:18:26.8Z;4,58;Accelerometro_SX
2022-02-21T18:19:29.3Z;5,05;Accelerometro_DX;2022-02-21T18:18:27.2Z;4,87;Accelerometro_SX
2022-02-21T18:19:32Z;5,06;Accelerometro_DX;2022-02-21T18:18:27.7Z;4,74;Accelerometro_SX
2022-02-21T18:19:32.6Z;5,55;Accelerometro_DX;2022-02-21T18:18:28.1Z;4,85;Accelerometro_SX
2022-02-21T18:19:33Z;4,48;Accelerometro_DX;2022-02-21T18:18:28.6Z;5,43;Accelerometro_SX
2022-02-21T18:19:33.4Z;4,69;Accelerometro_DX;2022-02-21T18:18:29.1Z;6,38;Accelerometro_SX
2022-02-21T18:19:33.9Z;4,64;Accelerometro_DX;2022-02-21T18:18:29.6Z;4,68;Accelerometro_SX
2022-02-21T18:19:34.3Z;4,83;Accelerometro_DX;2022-02-21T18:18:32.5Z;1,2;Accelerometro_SX
2022-02-21T18:19:34.7Z;4,6;Accelerometro_DX;2022-02-21T18:18:35.5Z;0,91;Accelerometro_SX
2022-02-21T18:19:35.1Z;5,3;Accelerometro_DX;2022-02-21T18:18:38.5Z;1,44;Accelerometro_SX
2022-02-21T18:19:35.5Z;4,63;Accelerometro_DX;2022-02-21T18:18:39Z;2,06;Accelerometro_SX
2022-02-21T18:19:38.5Z;4,34;Accelerometro_DX;2022-02-21T18:18:40Z;1,78;Accelerometro_SX
2022-02-21T18:19:38.9Z;5,61;Accelerometro_DX;2022-02-21T18:18:40.4Z;1,08;Accelerometro_SX
2022-02-21T18:19:45Z;4,78;Accelerometro_DX;2022-02-21T18:18:42.5Z;1,93;Accelerometro_SX
2022-02-21T18:19:45.5Z;5,8;Accelerometro_DX;2022-02-21T18:18:42.9Z;1,92;Accelerometro_SX
2022-02-21T18:19:48.5Z;5,55;Accelerometro_DX;2022-02-21T18:18:44.5Z;1,38;Accelerometro_SX
2022-02-21T18:20:02.6Z;5,16;Accelerometro_DX;2022-02-21T18:18:46.2Z;1,84;Accelerometro_SX
2022-02-21T18:20:02.8Z;5,19;Accelerometro_DX;2022-02-21T18:18:46.7Z;1,72;Accelerometro_SX
2022-02-21T18:20:08.5Z;5,19;Accelerometro_DX;2022-02-21T18:18:50Z;1,55;Accelerometro_SX
2022-02-21T18:20:08.9Z;5,33;Accelerometro_DX;2022-02-21T18:18:50.8Z;1,56;Accelerometro_SX
2022-02-21T18:20:10.3Z;5,43;Accelerometro_DX;2022-02-21T18:18:51.6Z;1,57;Accelerometro_SX
2022-02-21T18:20:13.5Z;5,23;Accelerometro_DX;2022-02-21T18:18:55Z;1,7;Accelerometro_SX
2022-02-21T18:20:14Z;5,9;Accelerometro_DX;2022-02-21T18:18:55.6Z;1,47;Accelerometro_SX
2022-02-21T18:20:14.8Z;6,03;Accelerometro_DX;2022-02-21T18:18:57.1Z;1,72;Accelerometro_SX
2022-02-21T18:20:15.3Z;5,51;Accelerometro_DX;2022-02-21T18:18:57.7Z;1,64;Accelerometro_SX
2022-02-21T18:20:21.1Z;5,74;Accelerometro_DX;2022-02-21T18:18:58.2Z;1,59;Accelerometro_SX
2022-02-21T18:20:23.1Z;5,74;Accelerometro_DX;2022-02-21T18:19:01.2Z;1,57;Accelerometro_SX
2022-02-21T18:20:24.2Z;4;Accelerometro_DX;2022-02-21T18:19:02.3Z;1,59;Accelerometro_SX
2022-02-21T18:20:27.5Z;4,28;Accelerometro_DX;2022-02-21T18:19:02.8Z;1,59;Accelerometro_SX
2022-02-21T18:20:27.9Z;4,37;Accelerometro_DX;2022-02-21T18:19:03.2Z;1,55;Accelerometro_SX
2022-02-21T18:20:31Z;4,4;Accelerometro_DX;2022-02-21T18:19:03.7Z;1,58;Accelerometro_SX
2022-02-21T18:20:34.5Z;4,42;Accelerometro_DX;2022-02-21T18:19:04.1Z;1,54;Accelerometro_SX
2022-02-21T18:20:34.9Z;4,42;Accelerometro_DX;2022-02-21T18:19:04.6Z;1,46;Accelerometro_SX
2022-02-21T18:20:35.4Z;4,42;Accelerometro_DX;2022-02-21T18:19:05Z;1,46;Accelerometro_SX
2022-02-21T18:20:40.9Z;4,42;Accelerometro_DX;2022-02-21T18:19:05.5Z;1,57;Accelerometro_SX
2022-02-21T18:20:41.3Z;4,42;Accelerometro_DX;2022-02-21T18:19:06Z;1,75;Accelerometro_SX
2022-02-21T18:20:42.3Z;4,42;Accelerometro_DX;2022-02-21T18:19:06.4Z;1,72;Accelerometro_SX
2022-02-21T18:20:42.7Z;4,42;Accelerometro_DX;2022-02-21T18:19:06.9Z;1,59;Accelerometro_SX
2022-02-21T18:20:43.1Z;4,42;Accelerometro_DX;2022-02-21T18:19:07.6Z;1,49;Accelerometro_SX
2022-02-21T18:20:46.5Z;4,42;Accelerometro_DX;2022-02-21T18:19:08Z;1,55;Accelerometro_SX
2022-02-21T18:20:49.5Z;6,08;Accelerometro_DX;2022-02-21T18:19:11Z;1,62;Accelerometro_SX
2022-02-21T18:20:50Z;19,58;Accelerometro_DX;2022-02-21T18:19:11.5Z;1,61;Accelerometro_SX
2022-02-21T18:20:50.4Z;19,66;Accelerometro_DX;2022-02-21T18:19:12.5Z;1,58;Accelerometro_SX
;;;2022-02-21T18:19:12.9Z;1,57;Accelerometro_SX
;;;2022-02-21T18:19:19.1Z;1,6;Accelerometro_SX
;;;2022-02-21T18:19:19.5Z;1,43;Accelerometro_SX
;;;2022-02-21T18:19:19.9Z;1,24;Accelerometro_SX
;;;2022-02-21T18:19:20.4Z;1,13;Accelerometro_SX
;;;2022-02-21T18:19:21.2Z;1,44;Accelerometro_SX
;;;2022-02-21T18:19:21.6Z;1,63;Accelerometro_SX
;;;2022-02-21T18:19:22Z;1,5;Accelerometro_SX
;;;2022-02-21T18:19:22.5Z;1,28;Accelerometro_SX
;;;2022-02-21T18:19:22.9Z;1,1;Accelerometro_SX
;;;2022-02-21T18:19:26Z;1,09;Accelerometro_SX
;;;2022-02-21T18:19:29Z;1,46;Accelerometro_SX
;;;2022-02-21T18:19:29.4Z;1,4;Accelerometro_SX
;;;2022-02-21T18:19:29.9Z;1,39;Accelerometro_SX
;;;2022-02-21T18:19:30.4Z;1,39;Accelerometro_SX
;;;2022-02-21T18:19:30.8Z;1,4;Accelerometro_SX
;;;2022-02-21T18:19:31.3Z;1,4;Accelerometro_SX
;;;2022-02-21T18:19:31.7Z;1,4;Accelerometro_SX
;;;2022-02-21T18:19:32.1Z;1,53;Accelerometro_SX
;;;2022-02-21T18:19:32.8Z;2,15;Accelerometro_SX
;;;2022-02-21T18:19:33.2Z;1,33;Accelerometro_SX
;;;2022-02-21T18:19:36.5Z;1,34;Accelerometro_SX
;;;2022-02-21T18:19:37Z;2,97;Accelerometro_SX
;;;2022-02-21T18:19:37.4Z;2,94;Accelerometro_SX
;;;2022-02-21T18:19:37.8Z;1,31;Accelerometro_SX
;;;2022-02-21T18:19:38.3Z;3,43;Accelerometro_SX
;;;2022-02-21T18:19:41.6Z;1,82;Accelerometro_SX
;;;2022-02-21T18:19:42.2Z;2,33;Accelerometro_SX
;;;2022-02-21T18:19:42.6Z;2,18;Accelerometro_SX
;;;2022-02-21T18:19:43.1Z;2,54;Accelerometro_SX
;;;2022-02-21T18:19:46.5Z;2,96;Accelerometro_SX
;;;2022-02-21T18:19:50Z;2,92;Accelerometro_SX
;;;2022-02-21T18:19:55.5Z;1,9;Accelerometro_SX
;;;2022-02-21T18:19:59Z;1,9;Accelerometro_SX
;;;2022-02-21T18:19:59.2Z;0,9;Accelerometro_SX
;;;2022-02-21T18:20:02.6Z;2,6;Accelerometro_SX
;;;2022-02-21T18:20:03.2Z;1,79;Accelerometro_SX
;;;2022-02-21T18:20:07.2Z;0,84;Accelerometro_SX
;;;2022-02-21T18:20:07.7Z;1,54;Accelerometro_SX
;;;2022-02-21T18:20:08.2Z;1,39;Accelerometro_SX
;;;2022-02-21T18:20:11.6Z;1,48;Accelerometro_SX
;;;2022-02-21T18:20:15Z;1,83;Accelerometro_SX
;;;2022-02-21T18:20:17.5Z;1,23;Accelerometro_SX
;;;2022-02-21T18:20:21.1Z;1,65;Accelerometro_SX
;;;2022-02-21T18:20:24.5Z;0,47;Accelerometro_SX
;;;2022-02-21T18:20:25Z;0,84;Accelerometro_SX
;;;2022-02-21T18:20:25.7Z;1,14;Accelerometro_SX
;;;2022-02-21T18:20:29Z;1,32;Accelerometro_SX
;;;2022-02-21T18:20:29.5Z;0,96;Accelerometro_SX
;;;2022-02-21T18:20:29.9Z;0,94;Accelerometro_SX
;;;2022-02-21T18:20:30.3Z;1,07;Accelerometro_SX
;;;2022-02-21T18:20:33.5Z;1,11;Accelerometro_SX
;;;2022-02-21T18:20:34Z;1,06;Accelerometro_SX
;;;2022-02-21T18:20:37Z;1,02;Accelerometro_SX
;;;2022-02-21T18:20:37.5Z;1,03;Accelerometro_SX
;;;2022-02-21T18:20:37.9Z;1,03;Accelerometro_SX
;;;2022-02-21T18:20:38.3Z;1,03;Accelerometro_SX
;;;2022-02-21T18:20:41.6Z;1,03;Accelerometro_SX
;;;2022-02-21T18:20:42.1Z;1,03;Accelerometro_SX
;;;2022-02-21T18:20:42.6Z;1,03;Accelerometro_SX
;;;2022-02-21T18:20:43Z;1,03;Accelerometro_SX
;;;2022-02-21T18:20:43.4Z;1,03;Accelerometro_SX
;;;2022-02-21T18:20:43.9Z;1,03;Accelerometro_SX
;;;2022-02-21T18:20:44.4Z;1,03;Accelerometro_SX
;;;2022-02-21T18:20:47.8Z;1,03;Accelerometro_SX
;;;2022-02-21T18:20:51Z;1;Accelerometro_SX
;;;2022-02-21T18:20:51.5Z;0,99;Accelerometro_SX
;;;2022-02-21T18:20:54.5Z;1,02;Accelerometro_SX
;;;2022-02-21T18:20:57.5Z;1,06;Accelerometro_SX
;;;2022-02-21T18:20:58.1Z;2,22;Accelerometro_SX
;;;2022-02-21T18:20:58.6Z;4,56;Accelerometro_SX
